-- MySQL dump 10.13  Distrib 8.0.22, for Win64 (x86_64)
--
-- Host: 127.0.0.1    Database: harmony
-- ------------------------------------------------------
-- Server version	5.7.31

/*!40101 SET @OLD_CHARACTER_SET_CLIENT=@@CHARACTER_SET_CLIENT */;
/*!40101 SET @OLD_CHARACTER_SET_RESULTS=@@CHARACTER_SET_RESULTS */;
/*!40101 SET @OLD_COLLATION_CONNECTION=@@COLLATION_CONNECTION */;
/*!50503 SET NAMES utf8 */;
/*!40103 SET @OLD_TIME_ZONE=@@TIME_ZONE */;
/*!40103 SET TIME_ZONE='+00:00' */;
/*!40014 SET @OLD_UNIQUE_CHECKS=@@UNIQUE_CHECKS, UNIQUE_CHECKS=0 */;
/*!40014 SET @OLD_FOREIGN_KEY_CHECKS=@@FOREIGN_KEY_CHECKS, FOREIGN_KEY_CHECKS=0 */;
/*!40101 SET @OLD_SQL_MODE=@@SQL_MODE, SQL_MODE='NO_AUTO_VALUE_ON_ZERO' */;
/*!40111 SET @OLD_SQL_NOTES=@@SQL_NOTES, SQL_NOTES=0 */;

--
-- Table structure for table `hs_invoice`
--

DROP TABLE IF EXISTS `hs_invoice`;
/*!40101 SET @saved_cs_client     = @@character_set_client */;
/*!50503 SET character_set_client = utf8mb4 */;
CREATE TABLE `hs_invoice` (
  `invc_id` int(10) unsigned NOT NULL AUTO_INCREMENT,
  `sub_total` decimal(38,2) NOT NULL,
  `invoice_datetime` datetime NOT NULL,
  `invoice_no` varchar(20) COLLATE utf8mb4_unicode_ci DEFAULT NULL,
  `status` varchar(10) COLLATE utf8mb4_unicode_ci NOT NULL,
  `paid_amt` decimal(38,2) NOT NULL,
  `return_amt` decimal(38,2) NOT NULL,
  PRIMARY KEY (`invc_id`),
  UNIQUE KEY `hs_invoice_invoice_no_unique` (`invoice_no`)
) ENGINE=InnoDB AUTO_INCREMENT=255 DEFAULT CHARSET=utf8mb4 COLLATE=utf8mb4_unicode_ci;
/*!40101 SET character_set_client = @saved_cs_client */;

--
-- Dumping data for table `hs_invoice`
--

LOCK TABLES `hs_invoice` WRITE;
/*!40000 ALTER TABLE `hs_invoice` DISABLE KEYS */;
INSERT INTO `hs_invoice` VALUES (1,44000.00,'2020-10-24 00:00:00',NULL,'INACTIVE',0.00,0.00),(2,4000.00,'2020-10-25 00:00:00','IV00000001','ACTIVE',5000.00,1000.00),(3,160000.00,'2020-10-25 00:00:00','IV00000002','ACTIVE',160000.00,0.00),(4,160000.00,'2020-10-25 00:00:00','IV00000003','ACTIVE',160000.00,0.00),(5,8000.00,'2020-10-25 00:00:00','IV00000004','ACTIVE',20000.00,12000.00),(6,8000.00,'2020-10-25 00:00:00','IV00000005','ACTIVE',10000.00,2000.00),(7,8000.00,'2020-10-25 00:00:00','IV00000006','ACTIVE',10000.00,2000.00),(8,16000.00,'2020-10-25 00:00:00','IV00000007','ACTIVE',20000.00,4000.00),(9,8000.00,'2020-10-25 00:00:00','IV00000009','ACTIVE',20000.00,12000.00),(10,8000.00,'2020-10-25 00:00:00','IV00000008','ACTIVE',10000.00,2000.00),(11,16000.00,'2020-10-25 00:00:00','IV00000010','ACTIVE',20000.00,4000.00),(12,49000.00,'2020-10-25 00:00:00','IV00000011','ACTIVE',100000.00,49000.00),(13,15000.00,'2020-10-29 00:00:00','IV00000012','ACTIVE',20000.00,5000.00),(14,22000.00,'2020-10-29 00:00:00','IV00000013','ACTIVE',30000.00,8000.00),(15,5000.00,'2020-10-31 00:00:00','IV00000014','ACTIVE',10000.00,5000.00),(16,5000.00,'2020-10-31 00:00:00','IV00000015','ACTIVE',10000.00,5000.00),(17,10000.00,'2020-10-31 00:00:00','IV00000016','ACTIVE',20000.00,10000.00),(18,14000.00,'2020-11-07 00:00:00','IV00000017','ACTIVE',20000.00,6000.00),(19,10000.00,'2022-02-23 00:00:00','IV00000018','ACTIVE',20000.00,10000.00),(20,2000.00,'2022-02-23 00:00:00','IV00000019','ACTIVE',10000.00,8000.00),(21,10000.00,'2022-02-23 00:00:00','IV00000020','ACTIVE',50000.00,40000.00),(22,20000.00,'2022-02-23 00:00:00',NULL,'INACTIVE',50000.00,30000.00),(23,10000.00,'2022-02-23 00:00:00','IV00000021','ACTIVE',20000.00,10000.00),(24,55000.00,'2022-02-23 00:00:00',NULL,'INACTIVE',100000.00,45000.00),(25,2000000.00,'2022-02-23 00:00:00','IV00000022','ACTIVE',50000000.00,48000000.00),(26,5000000.00,'2022-02-23 00:00:00','IV00000023','ACTIVE',10000000.00,5000000.00),(27,100000.00,'2022-02-24 00:00:00',NULL,'ACTIVE',200000.00,100000.00),(28,5000000.00,'2022-02-24 00:00:00','IV00000024','ACTIVE',50000000.00,45000000.00),(29,300000.00,'2022-03-15 00:00:00','IV00000025','ACTIVE',500000.00,200000.00),(30,34000.00,'2021-03-01 00:00:00','IV00000026','ACTIVE',50000.00,16000.00),(31,20000.00,'2021-03-01 00:00:00','IV00000027','ACTIVE',20000.00,0.00),(32,200000.00,'2021-03-01 00:00:00','IV00000028','ACTIVE',200000.00,0.00),(33,34000.00,'2021-03-01 00:00:00','IV00000029','ACTIVE',100000.00,66000.00),(34,40000.00,'2021-03-01 00:00:00','IV00000030','ACTIVE',1000000000000000000.00,999999999999960064.00),(35,40000.00,'2021-03-01 00:00:00','IV00000031','ACTIVE',1934019131.00,1933979131.00),(36,20000.00,'2021-03-01 00:00:00','IV00000032','ACTIVE',50000.00,30000.00),(37,19500.00,'2021-03-02 00:00:00','IV00000033','ACTIVE',20000.00,500.00),(38,40000.00,'2021-03-02 00:00:00','IV00000034','ACTIVE',50000.00,10000.00),(39,17000.00,'2021-03-03 00:00:00','IV00000035','ACTIVE',100000.00,83000.00),(40,34000.00,'2021-03-03 00:00:00','IV00000036','ACTIVE',100000.00,66000.00),(41,50000.00,'2021-03-04 00:00:00','IV00000037','ACTIVE',100000.00,50000.00),(42,100000.00,'2021-03-05 00:00:00','IV00000038','ACTIVE',100000.00,0.00),(43,15000.00,'2021-03-06 00:00:00','IV00000039','ACTIVE',100000.00,85000.00),(44,17000.00,'2021-03-07 00:00:00','IV00000040','ACTIVE',100000.00,83000.00),(45,15000.00,'2021-03-07 00:00:00','IV00000041','ACTIVE',100000.00,85000.00),(46,34000.00,'2021-03-20 00:00:00','IV00000042','ACTIVE',100000.00,66000.00),(47,20000.00,'2021-03-20 00:00:00','IV00000043','ACTIVE',100000.00,80000.00),(48,50000.00,'2021-03-21 00:00:00','IV00000044','ACTIVE',100000.00,50000.00),(49,16000.00,'2021-03-21 00:00:00','IV00000045','ACTIVE',100000.00,84000.00),(50,16000.00,'2021-03-22 00:00:00','IV00000046','ACTIVE',100000.00,84000.00),(51,40000.00,'2021-03-22 00:00:00','IV00000047','ACTIVE',100000.00,60000.00),(52,30000.00,'2021-03-23 00:00:00','IV00000048','ACTIVE',100000.00,70000.00),(53,34000.00,'2021-03-23 00:00:00','IV00000049','ACTIVE',100000.00,66000.00),(54,100000.00,'2021-03-24 00:00:00','IV00000050','ACTIVE',100000.00,0.00),(55,17000.00,'2021-03-24 00:00:00','IV00000051','ACTIVE',100000.00,83000.00),(56,45000.00,'2021-03-25 00:00:00','IV00000052','ACTIVE',100000.00,55000.00),(57,20000.00,'2021-03-25 00:00:00','IV00000053','ACTIVE',100000.00,80000.00),(58,45000.00,'2021-03-26 00:00:00','IV00000054','ACTIVE',100000.00,55000.00),(59,50000.00,'2021-03-27 00:00:00','IV00000055','ACTIVE',100000.00,50000.00),(60,34000.00,'2021-03-27 00:00:00','IV00000056','ACTIVE',100000.00,66000.00),(61,60000.00,'2021-04-01 00:00:00','IV00000057','ACTIVE',100000.00,40000.00),(62,5000.00,'2021-04-01 00:00:00','IV00000058','ACTIVE',100000.00,95000.00),(63,100000.00,'2021-04-02 00:00:00','IV00000059','ACTIVE',100000.00,0.00),(64,37000.00,'2021-04-02 00:00:00','IV00000060','ACTIVE',100000.00,63000.00),(65,34000.00,'2021-04-03 00:00:00','IV00000061','ACTIVE',100000.00,66000.00),(66,50000.00,'2021-04-03 00:00:00','IV00000062','ACTIVE',100000.00,50000.00),(67,15000.00,'2021-04-04 00:00:00','IV00000063','ACTIVE',100000.00,85000.00),(68,15000.00,'2021-04-04 00:00:00','IV00000064','ACTIVE',100000.00,85000.00),(69,40000.00,'2021-04-05 00:00:00','IV00000065','ACTIVE',100000.00,60000.00),(70,100000.00,'2021-04-05 00:00:00','IV00000066','ACTIVE',100000.00,0.00),(71,15000.00,'2021-04-06 00:00:00','IV00000067','ACTIVE',100000.00,85000.00),(72,100000.00,'2021-04-06 00:00:00','IV00000068','ACTIVE',100000.00,0.00),(73,17000.00,'2021-04-07 00:00:00','IV00000069','ACTIVE',100000.00,83000.00),(74,16000.00,'2021-04-07 00:00:00','IV00000070','ACTIVE',100000.00,84000.00),(75,34000.00,'2021-04-15 00:00:00','IV00000071','ACTIVE',100000.00,66000.00),(76,30000.00,'2021-04-15 00:00:00','IV00000072','ACTIVE',100000.00,70000.00),(77,20000.00,'2021-04-16 00:00:00','IV00000073','ACTIVE',100000.00,80000.00),(78,20000.00,'2021-04-16 00:00:00','IV00000074','ACTIVE',100000.00,80000.00),(79,40000.00,'2021-04-17 00:00:00','IV00000075','ACTIVE',100000.00,60000.00),(80,17000.00,'2021-04-17 00:00:00','IV00000076','ACTIVE',100000.00,83000.00),(81,15000.00,'2021-04-18 00:00:00','IV00000077','ACTIVE',100000.00,85000.00),(82,30000.00,'2021-04-18 00:00:00','IV00000078','ACTIVE',100000.00,70000.00),(83,50000.00,'2021-04-19 00:00:00','IV00000079','ACTIVE',100000.00,50000.00),(84,15000.00,'2021-04-19 00:00:00','IV00000080','ACTIVE',100000.00,85000.00),(85,100000.00,'2021-04-20 00:00:00','IV00000081','ACTIVE',100000.00,0.00),(86,40000.00,'2021-04-20 00:00:00','IV00000082','ACTIVE',100000.00,60000.00),(87,100000.00,'2021-04-21 00:00:00','IV00000083','ACTIVE',100000.00,0.00),(88,50000.00,'2021-04-21 00:00:00','IV00000084','ACTIVE',100000.00,50000.00),(89,80000.00,'2021-04-22 00:00:00','IV00000085','ACTIVE',100000.00,20000.00),(90,34000.00,'2021-04-22 00:00:00','IV00000086','ACTIVE',100000.00,66000.00),(91,34000.00,'2021-05-01 00:00:00','IV00000087','ACTIVE',100000.00,66000.00),(92,15000.00,'2021-05-01 00:00:00','IV00000088','ACTIVE',100000.00,85000.00),(93,17000.00,'2021-05-02 00:00:00','IV00000089','ACTIVE',100000.00,83000.00),(94,51000.00,'2021-05-02 00:00:00','IV00000090','ACTIVE',100000.00,49000.00),(95,20000.00,'2021-05-03 00:00:00','IV00000091','ACTIVE',100000.00,80000.00),(96,40000.00,'2021-05-03 00:00:00','IV00000092','ACTIVE',100000.00,60000.00),(97,100000.00,'2021-05-04 00:00:00','IV00000093','ACTIVE',100000.00,0.00),(98,50000.00,'2021-05-04 00:00:00','IV00000094','ACTIVE',100000.00,50000.00),(99,34000.00,'2021-05-05 00:00:00','IV00000095','ACTIVE',100000.00,66000.00),(100,30000.00,'2021-05-05 00:00:00','IV00000096','ACTIVE',100000.00,70000.00),(101,17000.00,'2021-05-06 00:00:00','IV00000097','ACTIVE',100000.00,83000.00),(102,34000.00,'2021-05-06 00:00:00','IV00000098','ACTIVE',100000.00,66000.00),(103,40000.00,'2021-05-07 00:00:00','IV00000099','ACTIVE',100000.00,60000.00),(104,40000.00,'2021-05-07 00:00:00','IV00000100','ACTIVE',100000.00,60000.00),(105,30000.00,'2021-05-13 00:00:00','IV00000101','ACTIVE',100000.00,70000.00),(106,40000.00,'2021-05-13 00:00:00','IV00000102','ACTIVE',100000.00,60000.00),(107,100000.00,'2021-05-14 00:00:00','IV00000103','ACTIVE',100000.00,0.00),(108,100000.00,'2021-05-14 00:00:00','IV00000104','ACTIVE',100000.00,0.00),(109,8000.00,'2021-05-15 00:00:00','IV00000105','ACTIVE',100000.00,92000.00),(110,34000.00,'2021-05-15 00:00:00','IV00000106','ACTIVE',100000.00,66000.00),(111,17000.00,'2021-05-16 00:00:00','IV00000107','ACTIVE',100000.00,83000.00),(112,15000.00,'2021-05-16 00:00:00','IV00000108','ACTIVE',100000.00,85000.00),(113,60000.00,'2021-05-17 00:00:00','IV00000109','ACTIVE',100000.00,40000.00),(114,20000.00,'2021-05-17 00:00:00','IV00000110','ACTIVE',100000.00,80000.00),(115,24000.00,'2021-05-18 00:00:00','IV00000111','ACTIVE',100000.00,76000.00),(116,40000.00,'2021-05-18 00:00:00','IV00000112','ACTIVE',100000.00,60000.00),(117,34000.00,'2021-05-19 00:00:00','IV00000113','ACTIVE',100000.00,66000.00),(118,100000.00,'2021-05-19 00:00:00','IV00000114','ACTIVE',100000.00,0.00),(119,51000.00,'2021-05-20 00:00:00','IV00000115','ACTIVE',100000.00,49000.00),(120,40000.00,'2021-05-20 00:00:00','IV00000116','ACTIVE',100000.00,60000.00),(121,34000.00,'2021-05-23 00:00:00','IV00000117','ACTIVE',100000.00,66000.00),(122,17000.00,'2021-05-23 00:00:00','IV00000118','ACTIVE',100000.00,83000.00),(123,100000.00,'2021-05-24 00:00:00','IV00000119','ACTIVE',100000.00,0.00),(124,51000.00,'2021-05-24 00:00:00','IV00000120','ACTIVE',100000.00,49000.00),(125,60000.00,'2021-05-24 00:00:00','IV00000121','ACTIVE',100000.00,40000.00),(126,30000.00,'2021-05-25 00:00:00','IV00000122','ACTIVE',100000.00,70000.00),(127,60000.00,'2021-05-25 00:00:00','IV00000123','ACTIVE',100000.00,40000.00),(128,34000.00,'2021-05-26 00:00:00','IV00000124','ACTIVE',100000.00,66000.00),(129,40000.00,'2021-05-26 00:00:00','IV00000125','ACTIVE',100000.00,60000.00),(130,50000.00,'2021-05-27 00:00:00','IV00000126','ACTIVE',100000.00,50000.00),(131,16000.00,'2021-05-27 00:00:00','IV00000127','ACTIVE',100000.00,84000.00),(132,15000.00,'2021-05-28 00:00:00','IV00000128','ACTIVE',100000.00,85000.00),(133,100000.00,'2021-05-28 00:00:00','IV00000129','ACTIVE',100000.00,0.00),(134,40000.00,'2021-05-29 00:00:00','IV00000130','ACTIVE',100000.00,60000.00),(135,100000.00,'2021-05-29 00:00:00','IV00000131','ACTIVE',100000.00,0.00),(136,100000.00,'2021-05-30 00:00:00','IV00000132','ACTIVE',100000.00,0.00),(137,40000.00,'2021-05-30 00:00:00','IV00000133','ACTIVE',100000.00,60000.00),(138,16000.00,'2021-06-02 00:00:00','IV00000134','ACTIVE',100000.00,84000.00),(139,8000.00,'2021-06-02 00:00:00','IV00000135','ACTIVE',100000.00,92000.00),(140,16000.00,'2021-06-03 00:00:00','IV00000136','ACTIVE',100000.00,84000.00),(141,100000.00,'2021-06-03 00:00:00','IV00000137','ACTIVE',100000.00,0.00),(142,20000.00,'2021-06-04 00:00:00','IV00000138','ACTIVE',100000.00,80000.00),(143,100000.00,'2021-06-04 00:00:00','IV00000139','ACTIVE',100000.00,0.00),(144,34000.00,'2021-06-05 00:00:00','IV00000140','ACTIVE',100000.00,66000.00),(145,30000.00,'2021-06-05 00:00:00','IV00000141','ACTIVE',100000.00,70000.00),(146,100000.00,'2021-06-06 00:00:00','IV00000142','ACTIVE',100000.00,0.00),(147,100000.00,'2021-06-06 00:00:00','IV00000143','ACTIVE',100000.00,0.00),(148,16000.00,'2021-06-07 00:00:00','IV00000144','ACTIVE',100000.00,84000.00),(149,100000.00,'2021-06-07 00:00:00','IV00000145','ACTIVE',100000.00,0.00),(150,100000.00,'2021-06-08 00:00:00','IV00000146','ACTIVE',100000.00,0.00),(151,40000.00,'2021-06-08 00:00:00','IV00000147','ACTIVE',100000.00,60000.00),(152,40000.00,'2021-06-13 00:00:00','IV00000148','ACTIVE',100000.00,60000.00),(153,40000.00,'2021-06-13 00:00:00','IV00000149','ACTIVE',100000.00,60000.00),(154,40000.00,'2021-06-14 00:00:00','IV00000150','ACTIVE',100000.00,60000.00),(155,45000.00,'2021-06-14 00:00:00','IV00000151','ACTIVE',100000.00,55000.00),(156,50000.00,'2021-06-15 00:00:00','IV00000152','ACTIVE',100000.00,50000.00),(157,34000.00,'2021-06-15 00:00:00','IV00000153','ACTIVE',100000.00,66000.00),(158,40000.00,'2021-06-16 00:00:00','IV00000154','ACTIVE',100000.00,60000.00),(159,45000.00,'2021-06-16 00:00:00','IV00000155','ACTIVE',100000.00,55000.00),(160,40000.00,'2021-06-17 00:00:00','IV00000156','ACTIVE',100000.00,60000.00),(161,40000.00,'2021-06-17 00:00:00','IV00000157','ACTIVE',100000.00,60000.00),(162,34000.00,'2021-06-18 00:00:00','IV00000158','ACTIVE',100000.00,66000.00),(163,50000.00,'2021-06-18 00:00:00','IV00000159','ACTIVE',100000.00,50000.00),(164,40000.00,'2021-06-19 00:00:00','IV00000160','ACTIVE',100000.00,60000.00),(165,40000.00,'2021-06-19 00:00:00','IV00000161','ACTIVE',100000.00,60000.00),(166,50000.00,'2021-06-20 00:00:00','IV00000162','ACTIVE',100000.00,50000.00),(167,40000.00,'2021-06-20 00:00:00','IV00000163','ACTIVE',100000.00,60000.00),(168,100000.00,'2021-07-10 00:00:00','IV00000164','ACTIVE',100000.00,0.00),(169,34000.00,'2021-07-10 00:00:00','IV00000165','ACTIVE',100000.00,66000.00),(170,34000.00,'2021-07-11 00:00:00','IV00000166','ACTIVE',100000.00,66000.00),(171,34000.00,'2021-07-11 00:00:00','IV00000167','ACTIVE',100000.00,66000.00),(172,50000.00,'2021-07-12 00:00:00','IV00000168','ACTIVE',100000.00,50000.00),(173,40000.00,'2021-07-12 00:00:00','IV00000169','ACTIVE',100000.00,60000.00),(174,51000.00,'2021-07-13 00:00:00','IV00000170','ACTIVE',100000.00,49000.00),(175,34000.00,'2021-07-14 00:00:00','IV00000171','ACTIVE',100000.00,66000.00),(176,40000.00,'2021-07-15 00:00:00','IV00000172','ACTIVE',100000.00,60000.00),(177,60000.00,'2021-07-16 00:00:00','IV00000173','ACTIVE',100000.00,40000.00),(178,51000.00,'2021-07-17 00:00:00','IV00000174','ACTIVE',100000.00,49000.00),(179,40000.00,'2021-07-20 00:00:00','IV00000175','ACTIVE',100000.00,60000.00),(180,34000.00,'2021-07-21 00:00:00','IV00000176','ACTIVE',100000.00,66000.00),(181,50000.00,'2021-07-22 00:00:00','IV00000177','ACTIVE',100000.00,50000.00),(182,20000.00,'2021-07-23 00:00:00','IV00000178','ACTIVE',100000.00,80000.00),(183,20000.00,'2021-07-24 00:00:00','IV00000179','ACTIVE',100000.00,80000.00),(184,20000.00,'2021-07-25 00:00:00','IV00000180','ACTIVE',100000.00,80000.00),(185,40000.00,'2021-07-26 00:00:00','IV00000181','ACTIVE',100000.00,60000.00),(186,20000.00,'2021-07-27 00:00:00','IV00000182','ACTIVE',100000.00,80000.00),(187,15000.00,'2021-08-01 00:00:00','IV00000183','ACTIVE',100000.00,85000.00),(188,100000.00,'2021-08-02 00:00:00','IV00000184','ACTIVE',100000.00,0.00),(189,40000.00,'2021-08-03 00:00:00','IV00000185','ACTIVE',100000.00,60000.00),(190,34000.00,'2021-08-04 00:00:00','IV00000186','ACTIVE',100000.00,66000.00),(191,50000.00,'2021-08-05 00:00:00','IV00000187','ACTIVE',100000.00,50000.00),(192,40000.00,'2021-08-06 00:00:00','IV00000188','ACTIVE',100000.00,60000.00),(193,45000.00,'2021-08-07 00:00:00','IV00000189','ACTIVE',100000.00,55000.00),(194,50000.00,'2021-08-10 00:00:00','IV00000190','ACTIVE',100000.00,50000.00),(195,17000.00,'2021-08-11 00:00:00','IV00000191','ACTIVE',100000.00,83000.00),(196,17000.00,'2021-08-12 00:00:00','IV00000192','ACTIVE',100000.00,83000.00),(197,20000.00,'2021-08-13 00:00:00','IV00000193','ACTIVE',100000.00,80000.00),(198,17000.00,'2021-08-14 00:00:00','IV00000194','ACTIVE',100000.00,83000.00),(199,50000.00,'2021-08-15 00:00:00','IV00000195','ACTIVE',100000.00,50000.00),(200,20000.00,'2021-08-16 00:00:00','IV00000196','ACTIVE',100000.00,80000.00),(201,50000.00,'2021-08-17 00:00:00','IV00000197','ACTIVE',100000.00,50000.00),(202,100000.00,'2021-09-01 00:00:00','IV00000198','ACTIVE',100000.00,0.00),(203,40000.00,'2021-09-02 00:00:00','IV00000199','ACTIVE',100000.00,60000.00),(204,34000.00,'2021-09-03 00:00:00','IV00000200','ACTIVE',100000.00,66000.00),(205,34000.00,'2021-09-04 00:00:00','IV00000201','ACTIVE',100000.00,66000.00),(206,34000.00,'2021-09-05 00:00:00','IV00000202','ACTIVE',100000.00,66000.00),(207,50000.00,'2021-09-06 00:00:00','IV00000203','ACTIVE',100000.00,50000.00),(208,3500.00,'2021-09-07 00:00:00','IV00000204','ACTIVE',100000.00,96500.00),(209,3500.00,'2021-09-08 00:00:00','IV00000205','ACTIVE',100000.00,96500.00),(210,100000.00,'2021-09-09 00:00:00','IV00000206','ACTIVE',100000.00,0.00),(211,50000.00,'2021-09-10 00:00:00','IV00000207','ACTIVE',100000.00,50000.00),(212,17000.00,'2021-09-10 00:00:00','IV00000208','ACTIVE',100000.00,83000.00),(213,17000.00,'2021-09-11 00:00:00','IV00000209','ACTIVE',100000.00,83000.00),(214,20000.00,'2021-09-12 00:00:00','IV00000210','ACTIVE',100000.00,80000.00),(215,50000.00,'2021-09-13 00:00:00','IV00000211','ACTIVE',100000.00,50000.00),(216,17000.00,'2021-09-14 00:00:00','IV00000212','ACTIVE',100000.00,83000.00),(217,40000.00,'2021-09-15 00:00:00','IV00000213','ACTIVE',100000.00,60000.00),(218,17000.00,'2021-09-16 00:00:00','IV00000214','ACTIVE',100000.00,83000.00),(219,60000.00,'2021-10-01 00:00:00','IV00000215','ACTIVE',100000.00,40000.00),(220,20000.00,'2021-10-02 00:00:00','IV00000216','ACTIVE',100000.00,80000.00),(221,20000.00,'2021-10-03 00:00:00','IV00000217','ACTIVE',100000.00,80000.00),(222,16000.00,'2021-10-04 00:00:00','IV00000218','ACTIVE',100000.00,84000.00),(223,30000.00,'2021-10-05 00:00:00','IV00000219','ACTIVE',100000.00,70000.00),(224,40000.00,'2021-10-06 00:00:00','IV00000220','ACTIVE',100000.00,60000.00),(225,17000.00,'2021-10-07 00:00:00','IV00000221','ACTIVE',100000.00,83000.00),(226,34000.00,'2021-11-01 00:00:00','IV00000222','ACTIVE',100000.00,66000.00),(227,50000.00,'2021-11-02 00:00:00','IV00000223','ACTIVE',100000.00,50000.00),(228,50000.00,'2021-11-03 00:00:00','IV00000224','ACTIVE',100000.00,50000.00),(229,8000.00,'2021-11-04 00:00:00','IV00000225','ACTIVE',100000.00,92000.00),(230,40000.00,'2021-11-05 00:00:00','IV00000226','ACTIVE',100000.00,60000.00),(231,34000.00,'2021-11-06 00:00:00','IV00000227','ACTIVE',100000.00,66000.00),(232,40000.00,'2021-11-07 00:00:00','IV00000228','ACTIVE',100000.00,60000.00),(233,100000.00,'2022-01-01 00:00:00','IV00000229','ACTIVE',100000.00,0.00),(234,50000.00,'2022-01-02 00:00:00','IV00000230','ACTIVE',100000.00,50000.00),(235,40000.00,'2022-01-03 00:00:00','IV00000231','ACTIVE',100000.00,60000.00),(236,50000.00,'2022-01-04 00:00:00','IV00000232','ACTIVE',100000.00,50000.00),(237,15000.00,'2022-01-05 00:00:00','IV00000233','ACTIVE',100000.00,85000.00),(238,100000.00,'2022-01-06 00:00:00','IV00000234','ACTIVE',100000.00,0.00),(239,34000.00,'2022-01-07 00:00:00','IV00000235','ACTIVE',100000.00,66000.00),(240,34000.00,'2022-02-01 00:00:00','IV00000236','ACTIVE',100000.00,66000.00),(241,40000.00,'2022-02-02 00:00:00','IV00000237','ACTIVE',100000.00,60000.00),(242,40000.00,'2022-02-03 00:00:00','IV00000238','ACTIVE',100000.00,60000.00),(243,100000.00,'2022-02-04 00:00:00','IV00000239','ACTIVE',100000.00,0.00),(244,50000.00,'2022-02-05 00:00:00','IV00000240','ACTIVE',100000.00,50000.00),(245,40000.00,'2022-02-06 00:00:00','IV00000241','ACTIVE',100000.00,60000.00),(246,34000.00,'2022-02-07 00:00:00','IV00000242','ACTIVE',100000.00,66000.00),(247,100000.00,'2022-03-01 00:00:00','IV00000243','ACTIVE',100000.00,0.00),(248,16000.00,'2022-03-02 00:00:00','IV00000244','ACTIVE',100000.00,84000.00),(249,100000.00,'2022-03-03 00:00:00','IV00000245','ACTIVE',100000.00,0.00),(250,34000.00,'2022-03-04 00:00:00','IV00000246','ACTIVE',100000.00,66000.00),(251,34000.00,'2022-03-05 00:00:00','IV00000247','ACTIVE',100000.00,66000.00),(252,34000.00,'2022-03-06 00:00:00','IV00000248','ACTIVE',100000.00,66000.00),(253,60000.00,'2022-03-07 00:00:00','IV00000249','ACTIVE',100000.00,40000.00),(254,54000.00,'2022-03-07 00:00:00','IV00000250','ACTIVE',100000.00,46000.00);
/*!40000 ALTER TABLE `hs_invoice` ENABLE KEYS */;
UNLOCK TABLES;

--
-- Table structure for table `hs_invoice_detail`
--

DROP TABLE IF EXISTS `hs_invoice_detail`;
/*!40101 SET @saved_cs_client     = @@character_set_client */;
/*!50503 SET character_set_client = utf8mb4 */;
CREATE TABLE `hs_invoice_detail` (
  `ivdt_id` int(10) unsigned NOT NULL AUTO_INCREMENT,
  `invc_id` int(10) unsigned NOT NULL,
  `quantity` decimal(21,2) NOT NULL,
  `price` decimal(38,2) NOT NULL,
  `sub_total` decimal(38,2) NOT NULL,
  `itdt_id` int(10) unsigned NOT NULL,
  PRIMARY KEY (`ivdt_id`),
  KEY `hs_invoice_detail_invc_id_foreign` (`invc_id`),
  KEY `itdt_id` (`itdt_id`),
  CONSTRAINT `hs_invoice_detail_ibfk_1` FOREIGN KEY (`itdt_id`) REFERENCES `hs_item_detail` (`itdt_id`),
  CONSTRAINT `hs_invoice_detail_invc_id_foreign` FOREIGN KEY (`invc_id`) REFERENCES `hs_invoice` (`invc_id`)
) ENGINE=InnoDB AUTO_INCREMENT=280 DEFAULT CHARSET=utf8mb4 COLLATE=utf8mb4_unicode_ci;
/*!40101 SET character_set_client = @saved_cs_client */;

--
-- Dumping data for table `hs_invoice_detail`
--

LOCK TABLES `hs_invoice_detail` WRITE;
/*!40000 ALTER TABLE `hs_invoice_detail` DISABLE KEYS */;
INSERT INTO `hs_invoice_detail` VALUES (2,1,2.00,2000.00,4000.00,5),(3,1,5.00,8000.00,40000.00,4),(7,2,2.00,2000.00,4000.00,5),(8,3,20.00,8000.00,160000.00,4),(9,4,20.00,8000.00,160000.00,4),(10,5,1.00,8000.00,8000.00,4),(11,6,1.00,8000.00,8000.00,4),(15,7,1.00,8000.00,8000.00,4),(16,8,2.00,8000.00,16000.00,4),(17,10,1.00,8000.00,8000.00,4),(18,9,1.00,8000.00,8000.00,4),(19,11,2.00,8000.00,16000.00,4),(20,12,3.00,8000.00,24000.00,4),(21,12,5.00,5000.00,25000.00,3),(22,13,1.00,2000.00,2000.00,5),(23,13,1.00,8000.00,8000.00,4),(24,13,1.00,5000.00,5000.00,3),(25,14,1.00,5000.00,5000.00,6),(26,14,2.00,2000.00,4000.00,5),(27,14,1.00,8000.00,8000.00,4),(28,14,1.00,5000.00,5000.00,3),(29,15,1.00,5000.00,5000.00,6),(30,16,1.00,5000.00,5000.00,6),(31,17,2.00,5000.00,10000.00,6),(35,18,2.00,5000.00,10000.00,6),(36,18,2.00,2000.00,4000.00,5),(38,19,2.00,5000.00,10000.00,6),(39,20,1.00,2000.00,2000.00,5),(40,21,2.00,5000.00,10000.00,6),(41,22,10.00,2000.00,20000.00,5),(43,23,2.00,5000.00,10000.00,6),(44,24,3.00,5000.00,15000.00,6),(45,24,5.00,8000.00,40000.00,4),(46,25,200.00,10000.00,2000000.00,9),(48,26,500.00,10000.00,5000000.00,9),(49,27,10.00,10000.00,100000.00,9),(50,28,50.00,100000.00,5000000.00,10),(51,29,3.00,100000.00,300000.00,10),(52,30,2.00,17000.00,34000.00,26),(53,31,1.00,20000.00,20000.00,25),(54,32,4.00,50000.00,200000.00,22),(55,33,2.00,17000.00,34000.00,26),(56,34,2.00,20000.00,40000.00,25),(57,35,2.00,20000.00,40000.00,23),(58,36,20.00,1000.00,20000.00,12),(59,37,2.00,8000.00,16000.00,20),(60,37,1.00,3500.00,3500.00,15),(61,38,2.00,20000.00,40000.00,23),(62,39,1.00,17000.00,17000.00,26),(63,40,2.00,17000.00,34000.00,24),(64,41,1.00,50000.00,50000.00,22),(65,42,2.00,50000.00,100000.00,22),(66,43,1.00,15000.00,15000.00,21),(67,44,1.00,17000.00,17000.00,24),(68,45,1.00,15000.00,15000.00,21),(69,46,2.00,17000.00,34000.00,26),(70,47,1.00,20000.00,20000.00,25),(71,48,1.00,50000.00,50000.00,22),(72,49,2.00,8000.00,16000.00,20),(73,50,2.00,8000.00,16000.00,20),(74,51,2.00,20000.00,40000.00,25),(75,52,2.00,15000.00,30000.00,21),(76,53,2.00,17000.00,34000.00,24),(77,54,2.00,50000.00,100000.00,22),(78,55,1.00,17000.00,17000.00,26),(79,56,3.00,15000.00,45000.00,21),(80,57,1.00,20000.00,20000.00,25),(81,58,3.00,15000.00,45000.00,21),(82,59,1.00,50000.00,50000.00,22),(83,60,2.00,17000.00,34000.00,26),(84,61,3.00,20000.00,60000.00,23),(85,62,10.00,500.00,5000.00,13),(86,63,2.00,50000.00,100000.00,22),(87,64,1.00,17000.00,17000.00,26),(88,64,1.00,20000.00,20000.00,23),(89,65,2.00,17000.00,34000.00,24),(90,66,1.00,50000.00,50000.00,22),(91,67,1.00,15000.00,15000.00,21),(92,68,1.00,15000.00,15000.00,21),(93,69,2.00,20000.00,40000.00,23),(94,70,2.00,50000.00,100000.00,22),(95,71,1.00,15000.00,15000.00,21),(96,72,2.00,50000.00,100000.00,22),(97,73,1.00,17000.00,17000.00,24),(98,74,2.00,8000.00,16000.00,20),(99,75,2.00,17000.00,34000.00,24),(100,76,2.00,15000.00,30000.00,21),(101,77,1.00,20000.00,20000.00,23),(102,78,1.00,20000.00,20000.00,25),(103,79,2.00,20000.00,40000.00,23),(104,80,1.00,17000.00,17000.00,24),(105,81,1.00,15000.00,15000.00,21),(106,82,2.00,15000.00,30000.00,21),(107,83,1.00,50000.00,50000.00,22),(108,84,1.00,15000.00,15000.00,21),(109,85,2.00,50000.00,100000.00,22),(110,86,2.00,20000.00,40000.00,23),(111,87,2.00,50000.00,100000.00,22),(112,88,1.00,50000.00,50000.00,22),(113,89,10.00,8000.00,80000.00,20),(114,90,2.00,17000.00,34000.00,26),(115,91,2.00,17000.00,34000.00,26),(116,92,1.00,15000.00,15000.00,21),(117,93,1.00,17000.00,17000.00,24),(118,94,3.00,17000.00,51000.00,24),(119,95,1.00,20000.00,20000.00,23),(120,96,2.00,20000.00,40000.00,23),(121,97,2.00,50000.00,100000.00,22),(122,98,1.00,50000.00,50000.00,22),(123,99,2.00,17000.00,34000.00,26),(124,100,2.00,15000.00,30000.00,21),(125,101,1.00,17000.00,17000.00,24),(126,102,2.00,17000.00,34000.00,26),(127,103,2.00,20000.00,40000.00,25),(128,104,2.00,20000.00,40000.00,25),(129,105,2.00,15000.00,30000.00,21),(130,106,2.00,20000.00,40000.00,23),(131,107,2.00,50000.00,100000.00,22),(132,108,2.00,50000.00,100000.00,22),(133,109,1.00,8000.00,8000.00,20),(134,110,2.00,17000.00,34000.00,26),(135,111,1.00,17000.00,17000.00,26),(136,112,1.00,15000.00,15000.00,21),(137,113,3.00,20000.00,60000.00,25),(138,114,1.00,20000.00,20000.00,23),(139,115,3.00,8000.00,24000.00,20),(140,116,2.00,20000.00,40000.00,25),(141,117,2.00,17000.00,34000.00,24),(142,118,2.00,50000.00,100000.00,22),(143,119,3.00,17000.00,51000.00,24),(144,120,2.00,20000.00,40000.00,23),(145,121,2.00,17000.00,34000.00,26),(146,122,1.00,17000.00,17000.00,24),(147,123,2.00,50000.00,100000.00,22),(148,124,3.00,17000.00,51000.00,24),(149,125,3.00,20000.00,60000.00,23),(150,126,2.00,15000.00,30000.00,21),(151,127,3.00,20000.00,60000.00,23),(152,128,2.00,17000.00,34000.00,24),(153,129,2.00,20000.00,40000.00,23),(154,130,1.00,50000.00,50000.00,22),(155,131,2.00,8000.00,16000.00,20),(156,132,1.00,15000.00,15000.00,21),(157,133,2.00,50000.00,100000.00,22),(158,134,2.00,20000.00,40000.00,23),(159,135,2.00,50000.00,100000.00,22),(160,136,2.00,50000.00,100000.00,22),(161,137,2.00,20000.00,40000.00,23),(162,138,2.00,8000.00,16000.00,18),(163,139,1.00,8000.00,8000.00,20),(164,140,2.00,8000.00,16000.00,20),(165,141,2.00,50000.00,100000.00,22),(166,142,1.00,20000.00,20000.00,23),(167,143,2.00,50000.00,100000.00,22),(168,144,2.00,17000.00,34000.00,24),(169,145,2.00,15000.00,30000.00,21),(170,146,2.00,50000.00,100000.00,22),(171,147,2.00,50000.00,100000.00,22),(172,148,2.00,8000.00,16000.00,20),(173,149,2.00,50000.00,100000.00,22),(174,150,2.00,50000.00,100000.00,22),(175,151,2.00,20000.00,40000.00,25),(176,152,2.00,20000.00,40000.00,23),(177,153,2.00,20000.00,40000.00,23),(178,154,2.00,20000.00,40000.00,23),(179,155,3.00,15000.00,45000.00,21),(180,156,1.00,50000.00,50000.00,22),(181,157,2.00,17000.00,34000.00,24),(182,158,2.00,20000.00,40000.00,23),(183,159,3.00,15000.00,45000.00,21),(184,160,2.00,20000.00,40000.00,25),(185,161,2.00,20000.00,40000.00,23),(186,162,2.00,17000.00,34000.00,24),(187,163,1.00,50000.00,50000.00,22),(188,164,2.00,20000.00,40000.00,23),(189,165,2.00,20000.00,40000.00,25),(190,166,1.00,50000.00,50000.00,22),(191,167,2.00,20000.00,40000.00,23),(192,168,2.00,50000.00,100000.00,22),(193,169,2.00,17000.00,34000.00,24),(194,170,2.00,17000.00,34000.00,24),(195,171,2.00,17000.00,34000.00,24),(196,172,1.00,50000.00,50000.00,22),(197,173,2.00,20000.00,40000.00,25),(198,174,3.00,17000.00,51000.00,24),(199,175,2.00,17000.00,34000.00,24),(200,176,2.00,20000.00,40000.00,25),(201,177,3.00,20000.00,60000.00,25),(202,178,3.00,17000.00,51000.00,24),(203,179,2.00,20000.00,40000.00,25),(204,180,2.00,17000.00,34000.00,24),(205,181,1.00,50000.00,50000.00,22),(206,182,1.00,20000.00,20000.00,25),(207,183,1.00,20000.00,20000.00,23),(208,184,1.00,20000.00,20000.00,23),(209,185,2.00,20000.00,40000.00,23),(210,186,1.00,20000.00,20000.00,23),(211,187,1.00,15000.00,15000.00,21),(212,188,2.00,50000.00,100000.00,22),(213,189,2.00,20000.00,40000.00,23),(214,190,2.00,17000.00,34000.00,24),(215,191,1.00,50000.00,50000.00,22),(216,192,2.00,20000.00,40000.00,25),(217,193,3.00,15000.00,45000.00,21),(218,194,1.00,50000.00,50000.00,22),(219,195,1.00,17000.00,17000.00,26),(220,196,1.00,17000.00,17000.00,24),(221,197,1.00,20000.00,20000.00,23),(222,198,1.00,17000.00,17000.00,24),(223,199,1.00,50000.00,50000.00,22),(224,200,1.00,20000.00,20000.00,23),(225,201,1.00,50000.00,50000.00,22),(226,202,2.00,50000.00,100000.00,22),(227,203,2.00,20000.00,40000.00,25),(228,204,2.00,17000.00,34000.00,24),(229,205,2.00,17000.00,34000.00,24),(230,206,2.00,17000.00,34000.00,24),(231,207,1.00,50000.00,50000.00,22),(232,208,1.00,3500.00,3500.00,16),(233,209,1.00,3500.00,3500.00,17),(234,210,2.00,50000.00,100000.00,22),(235,211,1.00,50000.00,50000.00,22),(236,212,1.00,17000.00,17000.00,24),(237,213,1.00,17000.00,17000.00,24),(238,214,1.00,20000.00,20000.00,23),(239,215,1.00,50000.00,50000.00,22),(240,216,1.00,17000.00,17000.00,24),(241,217,2.00,20000.00,40000.00,23),(242,218,1.00,17000.00,17000.00,24),(243,219,3.00,20000.00,60000.00,23),(244,220,1.00,20000.00,20000.00,23),(245,221,1.00,20000.00,20000.00,23),(246,222,2.00,8000.00,16000.00,20),(247,223,2.00,15000.00,30000.00,21),(248,224,2.00,20000.00,40000.00,23),(249,225,1.00,17000.00,17000.00,26),(250,226,2.00,17000.00,34000.00,24),(251,227,1.00,50000.00,50000.00,22),(252,228,1.00,50000.00,50000.00,22),(253,229,1.00,8000.00,8000.00,20),(254,230,2.00,20000.00,40000.00,23),(255,231,2.00,17000.00,34000.00,24),(256,232,2.00,20000.00,40000.00,23),(257,233,2.00,50000.00,100000.00,22),(258,234,1.00,50000.00,50000.00,22),(259,235,2.00,20000.00,40000.00,23),(260,236,1.00,50000.00,50000.00,22),(261,237,1.00,15000.00,15000.00,21),(262,238,2.00,50000.00,100000.00,22),(263,239,2.00,17000.00,34000.00,24),(264,240,2.00,17000.00,34000.00,26),(265,241,2.00,20000.00,40000.00,25),(266,242,2.00,20000.00,40000.00,23),(267,243,2.00,50000.00,100000.00,22),(268,244,1.00,50000.00,50000.00,22),(269,245,2.00,20000.00,40000.00,23),(270,246,2.00,17000.00,34000.00,24),(271,247,2.00,50000.00,100000.00,22),(272,248,2.00,8000.00,16000.00,20),(273,249,2.00,50000.00,100000.00,22),(274,250,2.00,17000.00,34000.00,24),(275,251,2.00,17000.00,34000.00,24),(276,252,2.00,17000.00,34000.00,24),(277,253,3.00,20000.00,60000.00,25),(278,254,1.00,20000.00,20000.00,25),(279,254,2.00,17000.00,34000.00,24);
/*!40000 ALTER TABLE `hs_invoice_detail` ENABLE KEYS */;
UNLOCK TABLES;

--
-- Table structure for table `hs_invoice_log`
--

DROP TABLE IF EXISTS `hs_invoice_log`;
/*!40101 SET @saved_cs_client     = @@character_set_client */;
/*!50503 SET character_set_client = utf8mb4 */;
CREATE TABLE `hs_invoice_log` (
  `ivlg_id` int(10) unsigned NOT NULL AUTO_INCREMENT,
  `invc_id` int(10) unsigned NOT NULL,
  `action` varchar(20) COLLATE utf8mb4_unicode_ci NOT NULL,
  `user_id` int(10) unsigned NOT NULL,
  `log_date_time` datetime NOT NULL,
  PRIMARY KEY (`ivlg_id`),
  KEY `hs_invoice_log_invc_id_foreign` (`invc_id`),
  KEY `hs_invoice_log_user_id_foreign` (`user_id`),
  CONSTRAINT `hs_invoice_log_invc_id_foreign` FOREIGN KEY (`invc_id`) REFERENCES `hs_invoice` (`invc_id`),
  CONSTRAINT `hs_invoice_log_user_id_foreign` FOREIGN KEY (`user_id`) REFERENCES `hs_user` (`user_id`)
) ENGINE=InnoDB AUTO_INCREMENT=270 DEFAULT CHARSET=utf8mb4 COLLATE=utf8mb4_unicode_ci;
/*!40101 SET character_set_client = @saved_cs_client */;

--
-- Dumping data for table `hs_invoice_log`
--

LOCK TABLES `hs_invoice_log` WRITE;
/*!40000 ALTER TABLE `hs_invoice_log` DISABLE KEYS */;
INSERT INTO `hs_invoice_log` VALUES (1,1,'STORE',1,'2020-10-24 19:18:58'),(2,1,'EDIT',1,'2020-10-24 21:04:48'),(3,1,'TERMINATE',1,'2020-10-24 21:05:57'),(4,2,'STORE',1,'2020-10-25 10:40:01'),(5,2,'EDIT',1,'2020-10-25 16:38:37'),(7,2,'EDIT',1,'2020-10-25 20:11:06'),(8,3,'STORE',1,'2020-10-25 20:27:01'),(9,4,'STORE',1,'2020-10-25 20:27:40'),(10,5,'STORE',1,'2020-10-25 20:32:51'),(11,6,'STORE',1,'2020-10-25 20:36:54'),(12,7,'STORE',1,'2020-10-25 20:37:35'),(13,8,'STORE',1,'2020-10-25 20:39:09'),(14,9,'STORE',1,'2020-10-25 20:40:25'),(15,7,'EDIT',1,'2020-10-25 20:49:05'),(16,8,'EDIT',1,'2020-10-25 20:49:45'),(17,10,'STORE',1,'2020-10-25 20:50:17'),(18,9,'EDIT',1,'2020-10-25 20:55:57'),(19,11,'STORE',1,'2020-10-25 20:56:49'),(20,12,'STORE',1,'2020-10-25 20:57:26'),(21,13,'STORE',1,'2020-10-29 15:09:14'),(22,14,'STORE',1,'2020-10-29 15:10:30'),(23,15,'STORE',1,'2020-10-31 17:12:12'),(24,16,'STORE',1,'2020-10-31 17:20:56'),(25,17,'STORE',5,'2020-10-31 19:29:25'),(26,18,'STORE',5,'2020-11-07 10:39:24'),(27,18,'EDIT',5,'2020-11-07 10:41:29'),(28,18,'EDIT',5,'2020-11-07 10:41:48'),(29,19,'STORE',7,'2022-02-23 21:56:32'),(30,19,'EDIT',7,'2022-02-23 21:58:14'),(31,20,'STORE',7,'2022-02-23 21:58:47'),(32,21,'STORE',7,'2022-02-23 22:08:03'),(33,22,'STORE',1,'2022-02-23 22:09:59'),(34,22,'TERMINATE',1,'2022-02-23 22:10:05'),(35,23,'STORE',1,'2022-02-23 22:10:22'),(36,23,'EDIT',1,'2022-02-23 22:10:29'),(37,24,'STORE',7,'2022-02-23 22:11:13'),(38,24,'TERMINATE',7,'2022-02-23 22:11:30'),(39,25,'STORE',1,'2022-02-23 22:26:48'),(40,26,'STORE',1,'2022-02-23 22:27:50'),(41,26,'EDIT',1,'2022-02-23 22:27:59'),(42,27,'STORE',5,'2022-02-24 13:24:15'),(43,28,'STORE',5,'2022-02-24 13:32:32'),(44,29,'STORE',5,'2022-03-15 22:42:05'),(45,30,'STORE',5,'2021-03-01 20:04:07'),(46,31,'STORE',5,'2021-03-01 20:11:52'),(47,32,'STORE',5,'2021-03-01 20:12:59'),(48,33,'STORE',5,'2021-03-01 20:15:46'),(49,34,'STORE',5,'2021-03-01 20:16:13'),(50,35,'STORE',5,'2021-03-01 20:16:56'),(51,36,'STORE',5,'2021-03-01 20:24:15'),(52,37,'STORE',5,'2021-03-02 20:25:42'),(53,38,'STORE',5,'2021-03-02 20:26:22'),(54,39,'STORE',5,'2021-03-03 20:28:25'),(55,40,'STORE',5,'2021-03-03 20:28:40'),(56,41,'STORE',5,'2021-03-03 20:28:49'),(57,42,'STORE',5,'2021-03-03 20:29:00'),(58,43,'STORE',5,'2021-03-03 20:29:11'),(59,44,'STORE',5,'2021-03-03 20:29:21'),(60,45,'STORE',5,'2021-03-03 20:29:35'),(61,46,'STORE',5,'2021-03-03 20:29:59'),(62,47,'STORE',5,'2021-03-03 20:30:17'),(63,48,'STORE',5,'2021-03-03 20:30:27'),(64,49,'STORE',5,'2021-03-03 20:30:37'),(65,50,'STORE',5,'2021-03-03 20:30:49'),(66,51,'STORE',5,'2021-03-03 20:30:59'),(67,52,'STORE',5,'2021-03-03 20:31:11'),(68,53,'STORE',5,'2021-03-03 20:31:26'),(69,54,'STORE',5,'2021-03-03 20:31:40'),(70,55,'STORE',5,'2021-03-03 20:32:01'),(71,56,'STORE',5,'2021-03-03 20:32:13'),(72,57,'STORE',5,'2021-03-03 20:32:24'),(73,58,'STORE',5,'2021-03-03 20:32:37'),(74,59,'STORE',5,'2021-03-03 20:32:49'),(75,60,'STORE',5,'2021-03-03 20:33:00'),(76,61,'STORE',5,'2021-03-03 20:33:10'),(77,62,'STORE',5,'2021-03-03 20:33:31'),(78,63,'STORE',5,'2021-03-03 20:33:52'),(79,64,'STORE',5,'2021-03-03 20:34:07'),(80,65,'STORE',5,'2021-03-03 20:34:20'),(81,66,'STORE',5,'2021-03-03 20:34:34'),(82,67,'STORE',5,'2021-03-03 20:34:49'),(83,68,'STORE',5,'2021-03-03 20:34:59'),(84,69,'STORE',5,'2021-03-03 20:35:09'),(85,70,'STORE',5,'2021-03-03 20:35:19'),(86,71,'STORE',5,'2021-03-03 20:35:32'),(87,72,'STORE',5,'2021-03-03 20:35:41'),(88,73,'STORE',5,'2021-03-03 20:35:51'),(89,74,'STORE',5,'2021-03-03 20:36:02'),(90,75,'STORE',5,'2021-03-03 20:36:14'),(91,76,'STORE',5,'2021-03-03 20:36:24'),(92,77,'STORE',5,'2021-03-03 20:36:34'),(93,78,'STORE',5,'2021-03-03 20:36:46'),(94,79,'STORE',5,'2021-03-03 20:36:57'),(95,80,'STORE',5,'2021-03-03 20:37:07'),(96,81,'STORE',5,'2021-03-03 20:37:16'),(97,82,'STORE',5,'2021-03-03 20:37:26'),(98,83,'STORE',5,'2021-03-03 20:37:35'),(99,84,'STORE',5,'2021-03-03 20:37:47'),(100,85,'STORE',5,'2021-03-03 20:37:59'),(101,86,'STORE',5,'2021-03-03 20:38:10'),(102,87,'STORE',5,'2021-03-03 20:38:19'),(103,88,'STORE',5,'2021-03-03 20:38:28'),(104,89,'STORE',5,'2021-03-03 20:38:40'),(105,90,'STORE',5,'2021-03-03 20:38:51'),(106,91,'STORE',5,'2021-03-03 20:39:05'),(107,92,'STORE',5,'2021-03-03 20:39:15'),(108,93,'STORE',5,'2021-03-03 20:39:26'),(109,94,'STORE',5,'2021-03-03 20:39:36'),(110,95,'STORE',5,'2021-03-03 20:39:46'),(111,96,'STORE',5,'2021-03-03 20:39:55'),(112,97,'STORE',5,'2021-03-03 20:40:06'),(113,98,'STORE',5,'2021-03-03 20:40:15'),(114,99,'STORE',5,'2021-03-03 20:40:25'),(115,100,'STORE',5,'2021-03-03 20:40:35'),(116,101,'STORE',5,'2021-03-03 20:40:45'),(117,102,'STORE',5,'2021-03-03 20:40:55'),(118,103,'STORE',5,'2021-03-03 20:41:05'),(119,104,'STORE',5,'2021-03-03 20:41:14'),(120,105,'STORE',5,'2021-03-03 20:41:29'),(121,106,'STORE',5,'2021-03-03 20:41:51'),(122,107,'STORE',5,'2021-03-03 20:42:01'),(123,108,'STORE',5,'2021-03-03 20:42:10'),(124,109,'STORE',5,'2021-03-03 20:42:21'),(125,110,'STORE',5,'2021-03-03 20:46:37'),(126,111,'STORE',5,'2021-03-03 20:47:13'),(127,112,'STORE',5,'2021-03-03 20:47:23'),(128,113,'STORE',5,'2021-03-03 20:48:11'),(129,114,'STORE',5,'2021-03-03 20:48:36'),(130,115,'STORE',5,'2021-03-03 20:48:48'),(131,116,'STORE',5,'2021-03-03 20:49:07'),(132,117,'STORE',5,'2021-03-03 20:50:45'),(133,118,'STORE',5,'2021-03-03 20:50:56'),(134,119,'STORE',5,'2021-03-03 20:51:05'),(135,120,'STORE',5,'2021-03-03 20:51:15'),(136,121,'STORE',5,'2021-03-03 20:51:25'),(137,122,'STORE',5,'2021-03-03 20:52:09'),(138,123,'STORE',5,'2021-03-03 20:52:23'),(139,124,'STORE',5,'2021-03-03 20:53:06'),(140,125,'STORE',5,'2021-03-03 20:53:28'),(141,126,'STORE',5,'2021-03-03 20:53:38'),(142,127,'STORE',5,'2021-03-03 20:53:47'),(143,128,'STORE',5,'2021-03-03 20:53:56'),(144,129,'STORE',5,'2021-03-03 20:54:06'),(145,130,'STORE',5,'2021-03-03 20:54:16'),(146,131,'STORE',5,'2021-03-03 20:54:25'),(147,132,'STORE',5,'2021-03-03 20:54:38'),(148,133,'STORE',5,'2021-03-03 20:54:47'),(149,134,'STORE',5,'2021-03-03 20:54:56'),(150,135,'STORE',5,'2021-03-03 20:55:05'),(151,136,'STORE',5,'2021-03-03 20:55:15'),(152,137,'STORE',5,'2021-03-03 20:55:25'),(153,138,'STORE',5,'2021-03-03 20:55:36'),(154,139,'STORE',5,'2021-03-03 20:55:46'),(155,140,'STORE',5,'2021-03-03 20:55:55'),(156,141,'STORE',5,'2021-03-03 20:56:05'),(157,142,'STORE',5,'2021-03-03 20:56:16'),(158,143,'STORE',5,'2021-03-03 20:56:26'),(159,144,'STORE',5,'2021-03-03 20:57:36'),(160,145,'STORE',5,'2021-03-03 20:57:48'),(161,146,'STORE',5,'2021-03-03 20:57:58'),(162,147,'STORE',5,'2021-03-03 20:58:08'),(163,148,'STORE',5,'2021-03-03 20:58:18'),(164,149,'STORE',5,'2021-03-03 20:58:27'),(165,150,'STORE',5,'2021-03-03 20:58:41'),(166,151,'STORE',5,'2022-03-18 21:26:37'),(167,152,'STORE',5,'2022-03-18 21:26:50'),(168,153,'STORE',5,'2022-03-18 21:26:59'),(169,154,'STORE',5,'2022-03-18 21:28:29'),(170,155,'STORE',5,'2022-03-18 21:28:39'),(171,156,'STORE',5,'2022-03-18 21:28:53'),(172,157,'STORE',5,'2022-03-18 21:29:03'),(173,158,'STORE',5,'2022-03-18 21:29:12'),(174,159,'STORE',5,'2022-03-18 21:29:22'),(175,160,'STORE',5,'2022-03-18 21:29:30'),(176,161,'STORE',5,'2022-03-18 21:29:39'),(177,162,'STORE',5,'2022-03-18 21:29:49'),(178,163,'STORE',5,'2022-03-18 21:30:06'),(179,164,'STORE',5,'2022-03-18 21:30:15'),(180,165,'STORE',5,'2022-03-18 21:30:24'),(181,166,'STORE',5,'2022-03-18 21:30:33'),(182,167,'STORE',5,'2022-03-18 21:30:44'),(183,168,'STORE',5,'2022-03-18 21:31:10'),(184,169,'STORE',5,'2022-03-18 21:31:20'),(185,170,'STORE',5,'2022-03-18 21:31:29'),(186,171,'STORE',5,'2022-03-18 21:31:41'),(187,172,'STORE',5,'2022-03-18 21:31:53'),(188,173,'STORE',5,'2022-03-18 21:32:04'),(189,174,'STORE',5,'2022-03-18 21:32:35'),(190,175,'STORE',5,'2022-03-18 21:36:10'),(191,176,'STORE',5,'2022-03-18 21:36:27'),(192,177,'STORE',5,'2022-03-18 21:36:43'),(193,178,'STORE',5,'2022-03-18 21:36:54'),(194,179,'STORE',5,'2022-03-18 21:37:04'),(195,180,'STORE',5,'2022-03-18 21:37:12'),(196,181,'STORE',5,'2022-03-18 21:37:25'),(197,182,'STORE',5,'2022-03-18 21:37:33'),(198,183,'STORE',5,'2022-03-18 21:37:42'),(199,184,'STORE',5,'2022-03-18 21:37:50'),(200,185,'STORE',5,'2022-03-18 21:37:59'),(201,186,'STORE',5,'2022-03-18 21:38:07'),(202,187,'STORE',5,'2022-03-18 21:38:15'),(203,188,'STORE',5,'2022-03-18 21:38:24'),(204,189,'STORE',5,'2022-03-18 21:38:32'),(205,190,'STORE',5,'2022-03-18 21:38:40'),(206,191,'STORE',5,'2022-03-18 21:38:51'),(207,192,'STORE',5,'2022-03-18 21:38:59'),(208,193,'STORE',5,'2022-03-18 21:39:09'),(209,194,'STORE',5,'2022-03-18 21:39:25'),(210,195,'STORE',5,'2022-03-18 21:39:33'),(211,196,'STORE',5,'2022-03-18 21:39:42'),(212,197,'STORE',5,'2022-03-18 21:40:11'),(213,198,'STORE',5,'2022-03-18 21:40:19'),(214,199,'STORE',5,'2022-03-18 21:40:27'),(215,200,'STORE',5,'2022-03-18 21:40:36'),(216,201,'STORE',5,'2022-03-18 21:40:49'),(217,202,'STORE',5,'2022-03-18 21:40:57'),(218,203,'STORE',5,'2022-03-18 21:41:07'),(219,204,'STORE',5,'2022-03-18 21:48:20'),(220,205,'STORE',5,'2022-03-18 21:48:40'),(221,206,'STORE',5,'2022-03-18 21:48:55'),(222,207,'STORE',5,'2022-03-18 21:49:04'),(223,208,'STORE',5,'2022-03-18 21:49:24'),(224,209,'STORE',5,'2022-03-18 21:49:35'),(225,210,'STORE',5,'2022-03-18 21:49:45'),(226,211,'STORE',5,'2022-03-18 21:49:55'),(227,212,'STORE',5,'2022-03-18 21:50:03'),(228,213,'STORE',5,'2022-03-18 21:50:10'),(229,214,'STORE',5,'2022-03-18 21:50:20'),(230,215,'STORE',5,'2022-03-18 21:50:28'),(231,216,'STORE',5,'2022-03-18 21:50:37'),(232,217,'STORE',5,'2022-03-18 21:50:45'),(233,218,'STORE',5,'2022-03-18 21:50:54'),(234,219,'STORE',5,'2022-03-18 21:51:03'),(235,220,'STORE',5,'2022-03-18 21:51:11'),(236,221,'STORE',5,'2022-03-18 21:51:19'),(237,222,'STORE',5,'2022-03-18 21:51:27'),(238,223,'STORE',5,'2022-03-18 21:51:35'),(239,224,'STORE',5,'2022-03-18 21:51:45'),(240,225,'STORE',5,'2022-03-18 21:51:54'),(241,226,'STORE',5,'2022-03-18 21:52:01'),(242,227,'STORE',5,'2022-03-18 21:52:10'),(243,228,'STORE',5,'2022-03-18 21:52:18'),(244,229,'STORE',5,'2022-03-18 21:52:27'),(245,230,'STORE',5,'2022-03-18 21:52:34'),(246,231,'STORE',5,'2022-03-18 21:52:44'),(247,232,'STORE',5,'2022-03-18 21:52:51'),(248,233,'STORE',5,'2022-03-18 21:53:01'),(249,234,'STORE',5,'2022-03-18 21:53:09'),(250,235,'STORE',5,'2022-03-18 21:53:17'),(251,236,'STORE',5,'2022-03-18 21:53:25'),(252,237,'STORE',5,'2022-03-18 21:53:35'),(253,238,'STORE',5,'2022-03-18 21:53:44'),(254,239,'STORE',5,'2022-03-18 21:53:52'),(255,240,'STORE',5,'2022-03-18 21:54:02'),(256,241,'STORE',5,'2022-03-18 21:54:10'),(257,242,'STORE',5,'2022-03-18 21:54:18'),(258,243,'STORE',5,'2022-03-18 21:54:26'),(259,244,'STORE',5,'2022-03-18 21:54:37'),(260,245,'STORE',5,'2022-03-18 21:54:45'),(261,246,'STORE',5,'2022-03-18 21:54:54'),(262,247,'STORE',5,'2022-03-18 21:55:03'),(263,248,'STORE',5,'2022-03-18 21:55:11'),(264,249,'STORE',5,'2022-03-18 21:55:21'),(265,250,'STORE',5,'2022-03-18 21:55:31'),(266,251,'STORE',5,'2022-03-18 21:55:39'),(267,252,'STORE',5,'2022-03-18 21:55:49'),(268,253,'STORE',5,'2022-03-18 21:55:58'),(269,254,'STORE',5,'2022-03-18 22:01:14');
/*!40000 ALTER TABLE `hs_invoice_log` ENABLE KEYS */;
UNLOCK TABLES;

--
-- Table structure for table `hs_item_category`
--

DROP TABLE IF EXISTS `hs_item_category`;
/*!40101 SET @saved_cs_client     = @@character_set_client */;
/*!50503 SET character_set_client = utf8mb4 */;
CREATE TABLE `hs_item_category` (
  `itcg_id` int(10) unsigned NOT NULL AUTO_INCREMENT,
  `code` varchar(10) COLLATE utf8mb4_unicode_ci NOT NULL,
  `name` varchar(50) COLLATE utf8mb4_unicode_ci NOT NULL,
  `description` text COLLATE utf8mb4_unicode_ci,
  `status` varchar(10) COLLATE utf8mb4_unicode_ci NOT NULL,
  PRIMARY KEY (`itcg_id`),
  UNIQUE KEY `hs_item_category_code_unique` (`code`)
) ENGINE=InnoDB AUTO_INCREMENT=7 DEFAULT CHARSET=utf8mb4 COLLATE=utf8mb4_unicode_ci;
/*!40101 SET character_set_client = @saved_cs_client */;

--
-- Dumping data for table `hs_item_category`
--

LOCK TABLES `hs_item_category` WRITE;
/*!40000 ALTER TABLE `hs_item_category` DISABLE KEYS */;
INSERT INTO `hs_item_category` VALUES (2,'CG00000001','Makanan123','Makanan123','INACTIVE'),(3,'CG00000002','Makanan','Kategori Makanan','ACTIVE'),(4,'CG00000003','Minuman','Kategori Minuman','ACTIVE'),(5,'CG00000004','Shampoo','Shampoo','ACTIVE'),(6,'CG00000005','Sabun','Sabun','ACTIVE');
/*!40000 ALTER TABLE `hs_item_category` ENABLE KEYS */;
UNLOCK TABLES;

--
-- Table structure for table `hs_item_category_log`
--

DROP TABLE IF EXISTS `hs_item_category_log`;
/*!40101 SET @saved_cs_client     = @@character_set_client */;
/*!50503 SET character_set_client = utf8mb4 */;
CREATE TABLE `hs_item_category_log` (
  `itcl_id` int(10) unsigned NOT NULL AUTO_INCREMENT,
  `itcg_id` int(10) unsigned NOT NULL,
  `action` varchar(20) COLLATE utf8mb4_unicode_ci NOT NULL,
  `user_id` int(10) unsigned NOT NULL,
  `log_date_time` datetime NOT NULL,
  PRIMARY KEY (`itcl_id`),
  KEY `hs_item_category_log_itcg_id_foreign` (`itcg_id`),
  KEY `hs_item_category_log_user_id_foreign` (`user_id`),
  CONSTRAINT `hs_item_category_log_itcg_id_foreign` FOREIGN KEY (`itcg_id`) REFERENCES `hs_item_category` (`itcg_id`),
  CONSTRAINT `hs_item_category_log_user_id_foreign` FOREIGN KEY (`user_id`) REFERENCES `hs_user` (`user_id`)
) ENGINE=InnoDB AUTO_INCREMENT=10 DEFAULT CHARSET=utf8mb4 COLLATE=utf8mb4_unicode_ci;
/*!40101 SET character_set_client = @saved_cs_client */;

--
-- Dumping data for table `hs_item_category_log`
--

LOCK TABLES `hs_item_category_log` WRITE;
/*!40000 ALTER TABLE `hs_item_category_log` DISABLE KEYS */;
INSERT INTO `hs_item_category_log` VALUES (1,2,'STORE',1,'2020-09-15 23:05:16'),(2,2,'EDIT',1,'2020-09-15 23:12:22'),(3,2,'TERMINATE',1,'2020-09-15 23:12:27'),(4,2,'EDIT',1,'2020-09-15 23:12:37'),(5,2,'TERMINATE',1,'2020-09-15 23:15:08'),(6,3,'STORE',1,'2020-09-21 20:21:35'),(7,4,'STORE',1,'2020-09-21 20:36:28'),(8,5,'STORE',5,'2022-03-18 20:00:08'),(9,6,'STORE',5,'2022-03-18 20:00:15');
/*!40000 ALTER TABLE `hs_item_category_log` ENABLE KEYS */;
UNLOCK TABLES;

--
-- Table structure for table `hs_item_detail`
--

DROP TABLE IF EXISTS `hs_item_detail`;
/*!40101 SET @saved_cs_client     = @@character_set_client */;
/*!50503 SET character_set_client = utf8mb4 */;
CREATE TABLE `hs_item_detail` (
  `itdt_id` int(10) unsigned NOT NULL AUTO_INCREMENT,
  `code` varchar(50) COLLATE utf8mb4_unicode_ci NOT NULL,
  `name` varchar(100) COLLATE utf8mb4_unicode_ci NOT NULL,
  `description` text COLLATE utf8mb4_unicode_ci,
  `price` decimal(38,2) NOT NULL,
  `splr_id` int(10) unsigned NOT NULL,
  `itcg_id` int(10) unsigned NOT NULL,
  `quantity` decimal(21,2) NOT NULL,
  `created_at` timestamp NULL DEFAULT NULL,
  `updated_at` timestamp NULL DEFAULT NULL,
  `status` varchar(10) COLLATE utf8mb4_unicode_ci NOT NULL,
  `ituo_id` int(10) unsigned NOT NULL,
  `net_pct` decimal(38,2) DEFAULT NULL,
  `net_price` decimal(38,2) DEFAULT NULL,
  PRIMARY KEY (`itdt_id`),
  UNIQUE KEY `hs_item_detail_code_unique` (`code`),
  KEY `hs_item_detail_splr_id_foreign` (`splr_id`),
  KEY `hs_item_detail_itcg_id_foreign` (`itcg_id`),
  KEY `ituo_id` (`ituo_id`),
  CONSTRAINT `hs_item_detail_ibfk_1` FOREIGN KEY (`ituo_id`) REFERENCES `hs_item_uom` (`ituo_id`),
  CONSTRAINT `hs_item_detail_itcg_id_foreign` FOREIGN KEY (`itcg_id`) REFERENCES `hs_item_category` (`itcg_id`),
  CONSTRAINT `hs_item_detail_splr_id_foreign` FOREIGN KEY (`splr_id`) REFERENCES `hs_supplier` (`splr_id`)
) ENGINE=InnoDB AUTO_INCREMENT=27 DEFAULT CHARSET=utf8mb4 COLLATE=utf8mb4_unicode_ci;
/*!40101 SET character_set_client = @saved_cs_client */;

--
-- Dumping data for table `hs_item_detail`
--

LOCK TABLES `hs_item_detail` WRITE;
/*!40000 ALTER TABLE `hs_item_detail` DISABLE KEYS */;
INSERT INTO `hs_item_detail` VALUES (3,'IT00000001','Cocal cola','minuman gas',5000.00,6,4,193.00,'2020-09-26 09:49:10','2020-10-12 13:58:33','ACTIVE',2,10.00,5500.00),(4,'IT00000002','Minuman123','Picture 2',8000.00,6,4,6.00,'2020-10-20 13:42:47','2020-10-20 13:43:29','ACTIVE',2,20.00,9600.00),(5,'IT00000003','Recheese','ayam go',2000.00,5,3,20104.00,'2020-10-21 12:32:24',NULL,'ACTIVE',2,0.00,2000.00),(6,'IT00000004','jus','minumas siryp',5000.00,5,4,2155.00,'2020-10-29 08:09:59',NULL,'ACTIVE',2,2.00,5100.00),(7,'IT00000005','Alpukat','buah',10000.00,7,3,100.00,'2020-02-23 15:19:49','2020-02-23 15:21:51','INACTIVE',2,10.00,11000.00),(8,'IT00000006','Alpukat','buah',10000.00,5,3,200.00,'2020-02-23 15:22:17',NULL,'ACTIVE',2,50.00,15000.00),(9,'IT00000007','Mangga','buah',10000.00,7,3,3400.00,'2020-02-23 15:22:46',NULL,'ACTIVE',2,30.00,13000.00),(10,'IT00000008','Coca Cola','Minuman',100000.00,5,4,147.00,'2020-02-24 06:29:19',NULL,'ACTIVE',2,10.00,110000.00),(11,'IT00000009','Indomie Goreng','Supplier Indofood',1000.00,8,3,100710.00,'2020-03-18 12:33:11',NULL,'ACTIVE',2,100.00,2000.00),(12,'IT00000010','Indomie Kuah','Indomie Kuah',1000.00,8,3,100360.00,'2020-03-18 12:33:47',NULL,'ACTIVE',2,100.00,2000.00),(13,'IT00000011','Bumbu Kare','Bumbu Kare',500.00,8,3,499990.00,'2020-03-18 12:34:54','2020-03-18 12:46:55','ACTIVE',2,100.00,1000.00),(14,'IT00000012','Kentang Goreng','Kentang Goreng Perbungkus',20000.00,8,3,2000000.00,'2020-03-18 12:36:04','2020-03-18 12:46:41','ACTIVE',2,30.00,26000.00),(15,'IT00000013','Susu Vanilla','Susu Vanila Kotak',3500.00,9,4,2568.00,'2020-03-18 12:48:25',NULL,'ACTIVE',2,50.00,5250.00),(16,'IT00000014','Susu Coklat','Susu Coklat Kotak',3500.00,9,4,2079.00,'2020-03-18 12:49:16',NULL,'ACTIVE',2,50.00,5250.00),(17,'IT00000015','Susu Strawberry','Strawberry Kotak',3500.00,9,4,4999.00,'2020-03-18 12:49:50',NULL,'ACTIVE',2,50.00,5250.00),(18,'IT00000016','Yogurt','Yogurt Kotak',8000.00,9,4,998.00,'2020-03-18 12:50:31',NULL,'ACTIVE',2,60.00,12800.00),(19,'IT00000017','Bakso Udang','Bakso Udang per bungkus 100g',10000.00,10,3,917.00,'2020-03-18 12:56:02',NULL,'ACTIVE',2,50.00,15000.00),(20,'IT00000018','Sosis Ayam','sosis ayam',8000.00,10,3,892.00,'2020-03-18 12:56:29','2020-03-18 12:58:43','ACTIVE',2,80.00,14400.00),(21,'IT00000019','Nugget','Nugget',15000.00,10,3,157.00,'2020-03-18 12:56:56',NULL,'ACTIVE',2,30.00,19500.00),(22,'IT00000020','Sapi Wagyu','Sapi',50000.00,10,3,111.00,'2020-03-18 12:57:40',NULL,'ACTIVE',2,20.00,60000.00),(23,'IT00000021','Udang Tempura','Udang Tempura',20000.00,10,3,421.00,'2020-03-18 12:58:14','2020-03-18 12:58:58','ACTIVE',2,30.00,26000.00),(24,'IT00000022','Shampoo Head&Shoulder Lemon','Shampoo Lemon',17000.00,12,5,799923.00,'2020-03-18 13:01:05',NULL,'ACTIVE',2,45.00,24650.00),(25,'IT00000023','Sabun Milk Fresh','Sabun Milk',20000.00,5,6,8999961.00,'2020-03-18 13:01:40',NULL,'ACTIVE',2,70.00,34000.00),(26,'IT00000024','Ponds Men Ace','Sabun Cuci muka acne',17000.00,13,6,9999972.00,'2020-03-18 13:02:24',NULL,'ACTIVE',2,100.00,34000.00);
/*!40000 ALTER TABLE `hs_item_detail` ENABLE KEYS */;
UNLOCK TABLES;

--
-- Table structure for table `hs_item_detail_log`
--

DROP TABLE IF EXISTS `hs_item_detail_log`;
/*!40101 SET @saved_cs_client     = @@character_set_client */;
/*!50503 SET character_set_client = utf8mb4 */;
CREATE TABLE `hs_item_detail_log` (
  `itdl_id` int(10) unsigned NOT NULL AUTO_INCREMENT,
  `itdt_id` int(10) unsigned NOT NULL,
  `action` varchar(20) COLLATE utf8mb4_unicode_ci NOT NULL,
  `user_id` int(10) unsigned NOT NULL,
  `log_date_time` datetime NOT NULL,
  PRIMARY KEY (`itdl_id`),
  KEY `hs_item_detail_log_itdt_id_foreign` (`itdt_id`),
  KEY `hs_item_detail_log_user_id_foreign` (`user_id`),
  CONSTRAINT `hs_item_detail_log_itdt_id_foreign` FOREIGN KEY (`itdt_id`) REFERENCES `hs_item_detail` (`itdt_id`),
  CONSTRAINT `hs_item_detail_log_user_id_foreign` FOREIGN KEY (`user_id`) REFERENCES `hs_user` (`user_id`)
) ENGINE=InnoDB AUTO_INCREMENT=37 DEFAULT CHARSET=utf8mb4 COLLATE=utf8mb4_unicode_ci;
/*!40101 SET character_set_client = @saved_cs_client */;

--
-- Dumping data for table `hs_item_detail_log`
--

LOCK TABLES `hs_item_detail_log` WRITE;
/*!40000 ALTER TABLE `hs_item_detail_log` DISABLE KEYS */;
INSERT INTO `hs_item_detail_log` VALUES (3,3,'STORE',1,'2020-09-26 16:49:10'),(4,3,'EDIT',1,'2020-09-26 19:07:52'),(5,3,'TERMINATE',1,'2020-09-26 19:08:12'),(6,3,'EDIT',1,'2020-09-26 19:08:25'),(7,4,'STORE',1,'2020-10-20 20:42:47'),(8,4,'EDIT',1,'2020-10-20 20:43:29'),(9,5,'STORE',1,'2020-10-21 19:32:24'),(10,6,'STORE',1,'2020-10-29 15:09:59'),(11,7,'STORE',1,'2022-02-23 22:19:49'),(12,7,'EDIT',1,'2022-02-23 22:20:38'),(13,7,'TERMINATE',1,'2022-02-23 22:21:51'),(14,8,'STORE',1,'2022-02-23 22:22:18'),(15,9,'STORE',1,'2022-02-23 22:22:46'),(16,10,'STORE',5,'2022-02-24 13:29:19'),(17,11,'STORE',5,'2022-03-18 19:33:11'),(18,12,'STORE',5,'2022-03-18 19:33:47'),(19,13,'STORE',5,'2022-03-18 19:34:54'),(20,14,'STORE',5,'2022-03-18 19:36:04'),(21,14,'EDIT',5,'2022-03-18 19:46:41'),(22,13,'EDIT',5,'2022-03-18 19:46:55'),(23,15,'STORE',5,'2022-03-18 19:48:25'),(24,16,'STORE',5,'2022-03-18 19:49:16'),(25,17,'STORE',5,'2022-03-18 19:49:50'),(26,18,'STORE',5,'2022-03-18 19:50:31'),(27,19,'STORE',5,'2022-03-18 19:56:02'),(28,20,'STORE',5,'2022-03-18 19:56:29'),(29,21,'STORE',5,'2022-03-18 19:56:56'),(30,22,'STORE',5,'2022-03-18 19:57:40'),(31,23,'STORE',5,'2022-03-18 19:58:14'),(32,20,'EDIT',5,'2022-03-18 19:58:43'),(33,23,'EDIT',5,'2022-03-18 19:58:58'),(34,24,'STORE',5,'2022-03-18 20:01:05'),(35,25,'STORE',5,'2022-03-18 20:01:40'),(36,26,'STORE',5,'2022-03-18 20:02:24');
/*!40000 ALTER TABLE `hs_item_detail_log` ENABLE KEYS */;
UNLOCK TABLES;

--
-- Table structure for table `hs_item_stock_log`
--

DROP TABLE IF EXISTS `hs_item_stock_log`;
/*!40101 SET @saved_cs_client     = @@character_set_client */;
/*!50503 SET character_set_client = utf8mb4 */;
CREATE TABLE `hs_item_stock_log` (
  `itsk_id` int(10) unsigned NOT NULL AUTO_INCREMENT,
  `itdt_id` int(10) unsigned NOT NULL,
  `original_quantity` decimal(21,2) NOT NULL,
  `add_quantity` decimal(21,2) NOT NULL,
  `min_quantity` decimal(21,2) NOT NULL,
  `prdt_id` int(10) unsigned DEFAULT NULL,
  `ivdt_id` int(10) unsigned DEFAULT NULL,
  `change_type` varchar(20) COLLATE utf8mb4_unicode_ci NOT NULL,
  `change_time` datetime NOT NULL,
  `user_id` int(10) unsigned NOT NULL,
  `new_quantity` decimal(21,2) DEFAULT NULL,
  `DESCRIPTION` text COLLATE utf8mb4_unicode_ci NOT NULL,
  PRIMARY KEY (`itsk_id`),
  KEY `hs_item_stock_log_itdt_id_foreign` (`itdt_id`),
  KEY `hs_item_stock_log_prdt_id_foreign` (`prdt_id`),
  KEY `hs_item_stock_log_ivdt_id_foreign` (`ivdt_id`),
  KEY `hs_item_stock_log_user_id_foreign` (`user_id`),
  CONSTRAINT `hs_item_stock_log_itdt_id_foreign` FOREIGN KEY (`itdt_id`) REFERENCES `hs_item_detail` (`itdt_id`),
  CONSTRAINT `hs_item_stock_log_ivdt_id_foreign` FOREIGN KEY (`ivdt_id`) REFERENCES `hs_invoice_detail` (`ivdt_id`),
  CONSTRAINT `hs_item_stock_log_prdt_id_foreign` FOREIGN KEY (`prdt_id`) REFERENCES `hs_purchase_detail` (`prdt_id`),
  CONSTRAINT `hs_item_stock_log_user_id_foreign` FOREIGN KEY (`user_id`) REFERENCES `hs_user` (`user_id`)
) ENGINE=InnoDB AUTO_INCREMENT=467 DEFAULT CHARSET=utf8mb4 COLLATE=utf8mb4_unicode_ci;
/*!40101 SET character_set_client = @saved_cs_client */;

--
-- Dumping data for table `hs_item_stock_log`
--

LOCK TABLES `hs_item_stock_log` WRITE;
/*!40000 ALTER TABLE `hs_item_stock_log` DISABLE KEYS */;
INSERT INTO `hs_item_stock_log` VALUES (1,3,0.00,500.00,0.00,NULL,NULL,'NEWITEM','2020-09-26 16:49:10',1,500.00,''),(7,3,500.00,10.00,0.00,NULL,NULL,'EDITITEM','2020-10-12 20:58:16',1,510.00,'123'),(8,3,510.00,0.00,310.00,NULL,NULL,'EDITITEM','2020-10-12 20:58:33',1,200.00,'test kurang'),(9,4,0.00,60.00,0.00,NULL,NULL,'NEWITEM','2020-10-20 20:42:47',1,60.00,'Buat Item Baru'),(10,5,0.00,50.00,0.00,NULL,NULL,'NEWITEM','2020-10-21 19:32:24',1,50.00,'Buat Item Baru'),(11,3,200.00,8.00,0.00,9,NULL,'PURCHASE','2020-10-23 19:41:12',1,208.00,'Transaksi pembelian item pada PO: PO00000001'),(12,4,60.00,1.00,0.00,10,NULL,'PURCHASE','2020-10-23 19:41:12',1,61.00,'Transaksi pembelian item pada PO: PO00000001'),(13,5,50.00,5.00,0.00,12,NULL,'PURCHASE','2020-10-23 19:47:03',1,55.00,'Transaksi pembelian item pada PO: PO00000002'),(14,3,200.00,2.00,0.00,13,NULL,'PURCHASE','2020-10-25 14:53:25',1,202.00,'Transaksi pembelian item pada PO: PO00000003'),(15,5,50.00,0.00,2.00,NULL,7,'SALES','2020-10-25 20:11:06',1,-48.00,'Transaksi penjualan item pada IV: IV00000001'),(16,4,60.00,0.00,20.00,NULL,8,'SALES','2020-10-25 20:27:01',1,40.00,'Transaksi penjualan item pada IV: IV00000002'),(17,4,40.00,0.00,20.00,NULL,9,'SALES','2020-10-25 20:27:40',1,20.00,'Transaksi penjualan item pada IV: IV00000003'),(18,4,20.00,0.00,1.00,NULL,10,'SALES','2020-10-25 20:32:51',1,19.00,'Transaksi penjualan item pada IV: IV00000004'),(19,4,19.00,0.00,1.00,NULL,11,'SALES','2020-10-25 20:36:54',1,18.00,'Transaksi penjualan item pada IV: IV00000005'),(20,4,18.00,0.00,1.00,NULL,15,'SALES','2020-10-25 20:49:05',1,17.00,'Transaksi penjualan item pada IV: IV00000006'),(21,4,17.00,0.00,2.00,NULL,16,'SALES','2020-10-25 20:49:45',1,15.00,'Transaksi penjualan item pada IV: IV00000007'),(22,4,15.00,0.00,1.00,NULL,17,'SALES','2020-10-25 20:50:17',1,14.00,'Transaksi penjualan item pada IV: IV00000008'),(23,4,14.00,0.00,1.00,NULL,18,'SALES','2020-10-25 20:55:57',1,13.00,'Transaksi penjualan item pada IV: IV00000009'),(24,4,13.00,0.00,2.00,NULL,19,'SALES','2020-10-25 20:56:50',1,11.00,'Transaksi penjualan item pada IV: IV00000010'),(25,4,11.00,0.00,3.00,NULL,20,'SALES','2020-10-25 20:57:26',1,8.00,'Transaksi penjualan item pada IV: IV00000011'),(26,3,200.00,0.00,5.00,NULL,21,'SALES','2020-10-25 20:57:26',1,195.00,'Transaksi penjualan item pada IV: IV00000011'),(27,5,-48.00,29.00,0.00,14,NULL,'PURCHASE','2020-10-29 15:02:02',1,-19.00,'Transaksi pembelian item pada PO: PO00000004'),(28,5,-19.00,20000.00,0.00,15,NULL,'PURCHASE','2020-10-29 15:08:25',1,19981.00,'Transaksi pembelian item pada PO: PO00000005'),(29,5,19981.00,0.00,1.00,NULL,22,'SALES','2020-10-29 15:09:14',1,19980.00,'Transaksi penjualan item pada IV: IV00000012'),(30,4,8.00,0.00,1.00,NULL,23,'SALES','2020-10-29 15:09:14',1,7.00,'Transaksi penjualan item pada IV: IV00000012'),(31,3,195.00,0.00,1.00,NULL,24,'SALES','2020-10-29 15:09:14',1,194.00,'Transaksi penjualan item pada IV: IV00000012'),(32,6,0.00,2000.00,0.00,NULL,NULL,'NEWITEM','2020-10-29 15:10:00',1,2000.00,'Buat Item Baru'),(33,6,2000.00,0.00,1.00,NULL,25,'SALES','2020-10-29 15:10:30',1,1999.00,'Transaksi penjualan item pada IV: IV00000013'),(34,5,19980.00,0.00,2.00,NULL,26,'SALES','2020-10-29 15:10:30',1,19978.00,'Transaksi penjualan item pada IV: IV00000013'),(35,4,7.00,0.00,1.00,NULL,27,'SALES','2020-10-29 15:10:30',1,6.00,'Transaksi penjualan item pada IV: IV00000013'),(36,3,194.00,0.00,1.00,NULL,28,'SALES','2020-10-29 15:10:30',1,193.00,'Transaksi penjualan item pada IV: IV00000013'),(37,6,1999.00,0.00,1.00,NULL,29,'SALES','2020-10-31 17:12:12',1,1998.00,'Transaksi penjualan item pada IV: IV00000014'),(38,6,1998.00,0.00,1.00,NULL,30,'SALES','2020-10-31 17:20:56',1,1997.00,'Transaksi penjualan item pada IV: IV00000015'),(39,6,1997.00,0.00,2.00,NULL,31,'SALES','2020-10-31 19:29:25',5,1995.00,'Transaksi penjualan item pada IV: IV00000016'),(40,6,1995.00,0.00,2.00,NULL,35,'SALES','2020-11-07 10:41:49',5,1993.00,'Transaksi penjualan item pada IV: IV00000017'),(41,5,19978.00,0.00,2.00,NULL,36,'SALES','2020-11-07 10:41:49',5,19976.00,'Transaksi penjualan item pada IV: IV00000017'),(42,6,1993.00,0.00,2.00,NULL,38,'SALES','2020-02-23 21:58:14',7,1991.00,'Transaksi penjualan item pada IV: IV00000018'),(43,5,19976.00,0.00,1.00,NULL,39,'SALES','2020-02-23 21:58:47',7,19975.00,'Transaksi penjualan item pada IV: IV00000019'),(44,6,1991.00,0.00,2.00,NULL,40,'SALES','2020-02-23 22:08:03',7,1989.00,'Transaksi penjualan item pada IV: IV00000020'),(45,6,1989.00,0.00,2.00,NULL,43,'SALES','2020-02-23 22:10:29',1,1987.00,'Transaksi penjualan item pada IV: IV00000021'),(46,7,0.00,1.00,0.00,NULL,NULL,'NEWITEM','2020-02-23 22:19:49',1,1.00,'Buat Item Baru'),(47,7,1.00,99.00,0.00,NULL,NULL,'EDITITEM','2020-02-23 22:21:28',1,100.00,'salah'),(48,8,0.00,200.00,0.00,NULL,NULL,'NEWITEM','2020-02-23 22:22:18',1,200.00,'Buat Item Baru'),(49,9,0.00,100.00,0.00,NULL,NULL,'NEWITEM','2020-02-23 22:22:46',1,100.00,'Buat Item Baru'),(50,9,100.00,4000.00,0.00,18,NULL,'PURCHASE','2020-02-23 22:25:23',1,4100.00,'Transaksi pembelian item pada PO: PO00000006'),(51,9,4100.00,0.00,200.00,NULL,46,'SALES','2020-02-23 22:26:48',1,3900.00,'Transaksi penjualan item pada IV: IV00000022'),(52,9,3900.00,0.00,500.00,NULL,48,'SALES','2020-02-23 22:27:59',1,3400.00,'Transaksi penjualan item pada IV: IV00000023'),(53,10,0.00,0.00,0.00,NULL,NULL,'NEWITEM','2020-02-24 13:29:19',5,0.00,'Buat Item Baru'),(54,10,0.00,100.00,0.00,19,NULL,'PURCHASE','2020-02-24 13:31:26',5,100.00,'Transaksi pembelian item pada PO: PO00000007'),(55,10,100.00,0.00,50.00,NULL,50,'SALES','2020-02-24 13:32:32',5,50.00,'Transaksi penjualan item pada IV: IV00000024'),(56,10,50.00,100.00,0.00,20,NULL,'PURCHASE','2020-02-24 13:37:04',5,150.00,'Transaksi pembelian item pada PO: PO00000008'),(57,6,1987.00,100.00,0.00,21,NULL,'PURCHASE','2020-02-24 13:37:04',5,2087.00,'Transaksi pembelian item pada PO: PO00000008'),(58,10,150.00,0.00,3.00,NULL,51,'SALES','2020-03-15 22:42:05',5,147.00,'Transaksi penjualan item pada IV: IV00000025'),(59,11,0.00,100000.00,0.00,NULL,NULL,'NEWITEM','2020-03-18 19:33:11',5,100000.00,'Buat Item Baru'),(60,12,0.00,100000.00,0.00,NULL,NULL,'NEWITEM','2020-03-18 19:33:47',5,100000.00,'Buat Item Baru'),(61,13,0.00,500000.00,0.00,NULL,NULL,'NEWITEM','2020-03-18 19:34:54',5,500000.00,'Buat Item Baru'),(62,14,0.00,2000000.00,0.00,NULL,NULL,'NEWITEM','2020-03-18 19:36:04',5,2000000.00,'Buat Item Baru'),(63,15,0.00,1000.00,0.00,NULL,NULL,'NEWITEM','2020-03-18 19:48:25',5,1000.00,'Buat Item Baru'),(64,16,0.00,2000.00,0.00,NULL,NULL,'NEWITEM','2020-03-18 19:49:16',5,2000.00,'Buat Item Baru'),(65,17,0.00,5000.00,0.00,NULL,NULL,'NEWITEM','2020-03-18 19:49:50',5,5000.00,'Buat Item Baru'),(66,18,0.00,1000.00,0.00,NULL,NULL,'NEWITEM','2020-03-18 19:50:31',5,1000.00,'Buat Item Baru'),(67,19,0.00,500.00,0.00,NULL,NULL,'NEWITEM','2020-03-18 19:56:02',5,500.00,'Buat Item Baru'),(68,20,0.00,800.00,0.00,NULL,NULL,'NEWITEM','2020-03-18 19:56:29',5,800.00,'Buat Item Baru'),(69,21,0.00,200.00,0.00,NULL,NULL,'NEWITEM','2020-03-18 19:56:56',5,200.00,'Buat Item Baru'),(70,22,0.00,200.00,0.00,NULL,NULL,'NEWITEM','2020-03-18 19:57:40',5,200.00,'Buat Item Baru'),(71,23,0.00,500.00,0.00,NULL,NULL,'NEWITEM','2020-03-18 19:58:14',5,500.00,'Buat Item Baru'),(72,24,0.00,800000.00,0.00,NULL,NULL,'NEWITEM','2020-03-18 20:01:05',5,800000.00,'Buat Item Baru'),(73,25,0.00,9000000.00,0.00,NULL,NULL,'NEWITEM','2020-03-18 20:01:40',5,9000000.00,'Buat Item Baru'),(74,26,0.00,10000000.00,0.00,NULL,NULL,'NEWITEM','2020-03-18 20:02:24',5,10000000.00,'Buat Item Baru'),(75,26,10000000.00,0.00,2.00,NULL,52,'SALES','2020-03-01 20:04:07',5,9999998.00,'Transaksi penjualan item pada IV: IV00000026'),(76,25,9000000.00,0.00,1.00,NULL,53,'SALES','2021-03-01 20:11:52',5,8999999.00,'Transaksi penjualan item pada IV: IV00000027'),(77,22,200.00,0.00,4.00,NULL,54,'SALES','2021-03-01 20:12:59',5,196.00,'Transaksi penjualan item pada IV: IV00000028'),(78,26,9999998.00,0.00,2.00,NULL,55,'SALES','2021-03-01 20:15:46',5,9999996.00,'Transaksi penjualan item pada IV: IV00000029'),(79,25,8999999.00,0.00,2.00,NULL,56,'SALES','2021-03-01 20:16:13',5,8999997.00,'Transaksi penjualan item pada IV: IV00000030'),(80,23,500.00,0.00,2.00,NULL,57,'SALES','2021-03-01 20:16:56',5,498.00,'Transaksi penjualan item pada IV: IV00000031'),(81,11,100000.00,200.00,0.00,22,NULL,'PURCHASE','2021-03-01 20:23:42',5,100200.00,'Transaksi pembelian item pada PO: PO00000009'),(82,12,100000.00,300.00,0.00,23,NULL,'PURCHASE','2021-03-01 20:23:42',5,100300.00,'Transaksi pembelian item pada PO: PO00000009'),(83,12,100300.00,0.00,20.00,NULL,58,'SALES','2021-03-01 20:24:15',5,100280.00,'Transaksi penjualan item pada IV: IV00000032'),(84,20,800.00,0.00,2.00,NULL,59,'SALES','2021-03-02 20:25:42',5,798.00,'Transaksi penjualan item pada IV: IV00000033'),(85,15,1000.00,0.00,1.00,NULL,60,'SALES','2021-03-02 20:25:42',5,999.00,'Transaksi penjualan item pada IV: IV00000033'),(86,23,498.00,0.00,2.00,NULL,61,'SALES','2021-03-02 20:26:22',5,496.00,'Transaksi penjualan item pada IV: IV00000034'),(87,26,9999996.00,0.00,1.00,NULL,62,'SALES','2021-03-03 20:28:25',5,9999995.00,'Transaksi penjualan item pada IV: IV00000035'),(88,24,800000.00,0.00,2.00,NULL,63,'SALES','2021-03-03 20:28:40',5,799998.00,'Transaksi penjualan item pada IV: IV00000036'),(89,22,196.00,0.00,1.00,NULL,64,'SALES','2021-03-03 20:28:49',5,195.00,'Transaksi penjualan item pada IV: IV00000037'),(90,22,195.00,0.00,2.00,NULL,65,'SALES','2021-03-03 20:29:00',5,193.00,'Transaksi penjualan item pada IV: IV00000038'),(91,21,200.00,0.00,1.00,NULL,66,'SALES','2021-03-03 20:29:11',5,199.00,'Transaksi penjualan item pada IV: IV00000039'),(92,24,799998.00,0.00,1.00,NULL,67,'SALES','2021-03-03 20:29:21',5,799997.00,'Transaksi penjualan item pada IV: IV00000040'),(93,21,199.00,0.00,1.00,NULL,68,'SALES','2021-03-03 20:29:35',5,198.00,'Transaksi penjualan item pada IV: IV00000041'),(94,26,9999995.00,0.00,2.00,NULL,69,'SALES','2021-03-03 20:29:59',5,9999993.00,'Transaksi penjualan item pada IV: IV00000042'),(95,25,8999997.00,0.00,1.00,NULL,70,'SALES','2021-03-03 20:30:17',5,8999996.00,'Transaksi penjualan item pada IV: IV00000043'),(96,22,193.00,0.00,1.00,NULL,71,'SALES','2021-03-03 20:30:27',5,192.00,'Transaksi penjualan item pada IV: IV00000044'),(97,20,798.00,0.00,2.00,NULL,72,'SALES','2021-03-03 20:30:37',5,796.00,'Transaksi penjualan item pada IV: IV00000045'),(98,20,796.00,0.00,2.00,NULL,73,'SALES','2021-03-03 20:30:49',5,794.00,'Transaksi penjualan item pada IV: IV00000046'),(99,25,8999996.00,0.00,2.00,NULL,74,'SALES','2021-03-03 20:30:59',5,8999994.00,'Transaksi penjualan item pada IV: IV00000047'),(100,21,198.00,0.00,2.00,NULL,75,'SALES','2021-03-03 20:31:11',5,196.00,'Transaksi penjualan item pada IV: IV00000048'),(101,24,799997.00,0.00,2.00,NULL,76,'SALES','2021-03-03 20:31:26',5,799995.00,'Transaksi penjualan item pada IV: IV00000049'),(102,22,192.00,0.00,2.00,NULL,77,'SALES','2021-03-03 20:31:40',5,190.00,'Transaksi penjualan item pada IV: IV00000050'),(103,26,9999993.00,0.00,1.00,NULL,78,'SALES','2021-03-03 20:32:01',5,9999992.00,'Transaksi penjualan item pada IV: IV00000051'),(104,21,196.00,0.00,3.00,NULL,79,'SALES','2021-03-03 20:32:13',5,193.00,'Transaksi penjualan item pada IV: IV00000052'),(105,25,8999994.00,0.00,1.00,NULL,80,'SALES','2021-03-03 20:32:24',5,8999993.00,'Transaksi penjualan item pada IV: IV00000053'),(106,21,193.00,0.00,3.00,NULL,81,'SALES','2021-03-03 20:32:37',5,190.00,'Transaksi penjualan item pada IV: IV00000054'),(107,22,190.00,0.00,1.00,NULL,82,'SALES','2021-03-03 20:32:49',5,189.00,'Transaksi penjualan item pada IV: IV00000055'),(108,26,9999992.00,0.00,2.00,NULL,83,'SALES','2021-03-03 20:33:00',5,9999990.00,'Transaksi penjualan item pada IV: IV00000056'),(109,23,496.00,0.00,3.00,NULL,84,'SALES','2021-03-03 20:33:10',5,493.00,'Transaksi penjualan item pada IV: IV00000057'),(110,13,500000.00,0.00,10.00,NULL,85,'SALES','2021-03-03 20:33:31',5,499990.00,'Transaksi penjualan item pada IV: IV00000058'),(111,22,189.00,0.00,2.00,NULL,86,'SALES','2021-03-03 20:33:52',5,187.00,'Transaksi penjualan item pada IV: IV00000059'),(112,26,9999990.00,0.00,1.00,NULL,87,'SALES','2021-03-03 20:34:07',5,9999989.00,'Transaksi penjualan item pada IV: IV00000060'),(113,23,493.00,0.00,1.00,NULL,88,'SALES','2021-03-03 20:34:07',5,492.00,'Transaksi penjualan item pada IV: IV00000060'),(114,24,799995.00,0.00,2.00,NULL,89,'SALES','2021-03-03 20:34:20',5,799993.00,'Transaksi penjualan item pada IV: IV00000061'),(115,22,187.00,0.00,1.00,NULL,90,'SALES','2021-03-03 20:34:34',5,186.00,'Transaksi penjualan item pada IV: IV00000062'),(116,21,190.00,0.00,1.00,NULL,91,'SALES','2021-03-03 20:34:49',5,189.00,'Transaksi penjualan item pada IV: IV00000063'),(117,21,189.00,0.00,1.00,NULL,92,'SALES','2021-03-03 20:34:59',5,188.00,'Transaksi penjualan item pada IV: IV00000064'),(118,23,492.00,0.00,2.00,NULL,93,'SALES','2021-03-03 20:35:09',5,490.00,'Transaksi penjualan item pada IV: IV00000065'),(119,22,186.00,0.00,2.00,NULL,94,'SALES','2021-03-03 20:35:19',5,184.00,'Transaksi penjualan item pada IV: IV00000066'),(120,21,188.00,0.00,1.00,NULL,95,'SALES','2021-03-03 20:35:32',5,187.00,'Transaksi penjualan item pada IV: IV00000067'),(121,22,184.00,0.00,2.00,NULL,96,'SALES','2021-03-03 20:35:41',5,182.00,'Transaksi penjualan item pada IV: IV00000068'),(122,24,799993.00,0.00,1.00,NULL,97,'SALES','2021-03-03 20:35:51',5,799992.00,'Transaksi penjualan item pada IV: IV00000069'),(123,20,794.00,0.00,2.00,NULL,98,'SALES','2021-03-03 20:36:02',5,792.00,'Transaksi penjualan item pada IV: IV00000070'),(124,24,799992.00,0.00,2.00,NULL,99,'SALES','2021-03-03 20:36:14',5,799990.00,'Transaksi penjualan item pada IV: IV00000071'),(125,21,187.00,0.00,2.00,NULL,100,'SALES','2021-03-03 20:36:24',5,185.00,'Transaksi penjualan item pada IV: IV00000072'),(126,23,490.00,0.00,1.00,NULL,101,'SALES','2021-03-03 20:36:34',5,489.00,'Transaksi penjualan item pada IV: IV00000073'),(127,25,8999993.00,0.00,1.00,NULL,102,'SALES','2021-03-03 20:36:46',5,8999992.00,'Transaksi penjualan item pada IV: IV00000074'),(128,23,489.00,0.00,2.00,NULL,103,'SALES','2021-03-03 20:36:57',5,487.00,'Transaksi penjualan item pada IV: IV00000075'),(129,24,799990.00,0.00,1.00,NULL,104,'SALES','2021-03-03 20:37:07',5,799989.00,'Transaksi penjualan item pada IV: IV00000076'),(130,21,185.00,0.00,1.00,NULL,105,'SALES','2021-03-03 20:37:16',5,184.00,'Transaksi penjualan item pada IV: IV00000077'),(131,21,184.00,0.00,2.00,NULL,106,'SALES','2021-03-03 20:37:26',5,182.00,'Transaksi penjualan item pada IV: IV00000078'),(132,22,182.00,0.00,1.00,NULL,107,'SALES','2021-03-03 20:37:35',5,181.00,'Transaksi penjualan item pada IV: IV00000079'),(133,21,182.00,0.00,1.00,NULL,108,'SALES','2021-03-03 20:37:47',5,181.00,'Transaksi penjualan item pada IV: IV00000080'),(134,22,181.00,0.00,2.00,NULL,109,'SALES','2021-03-03 20:37:59',5,179.00,'Transaksi penjualan item pada IV: IV00000081'),(135,23,487.00,0.00,2.00,NULL,110,'SALES','2021-03-03 20:38:10',5,485.00,'Transaksi penjualan item pada IV: IV00000082'),(136,22,179.00,0.00,2.00,NULL,111,'SALES','2021-03-03 20:38:19',5,177.00,'Transaksi penjualan item pada IV: IV00000083'),(137,22,177.00,0.00,1.00,NULL,112,'SALES','2021-03-03 20:38:28',5,176.00,'Transaksi penjualan item pada IV: IV00000084'),(138,20,792.00,0.00,10.00,NULL,113,'SALES','2021-03-03 20:38:40',5,782.00,'Transaksi penjualan item pada IV: IV00000085'),(139,26,9999989.00,0.00,2.00,NULL,114,'SALES','2021-03-03 20:38:51',5,9999987.00,'Transaksi penjualan item pada IV: IV00000086'),(140,26,9999987.00,0.00,2.00,NULL,115,'SALES','2021-03-03 20:39:05',5,9999985.00,'Transaksi penjualan item pada IV: IV00000087'),(141,21,181.00,0.00,1.00,NULL,116,'SALES','2021-03-03 20:39:15',5,180.00,'Transaksi penjualan item pada IV: IV00000088'),(142,24,799989.00,0.00,1.00,NULL,117,'SALES','2021-03-03 20:39:26',5,799988.00,'Transaksi penjualan item pada IV: IV00000089'),(143,24,799988.00,0.00,3.00,NULL,118,'SALES','2021-03-03 20:39:36',5,799985.00,'Transaksi penjualan item pada IV: IV00000090'),(144,23,485.00,0.00,1.00,NULL,119,'SALES','2021-03-03 20:39:46',5,484.00,'Transaksi penjualan item pada IV: IV00000091'),(145,23,484.00,0.00,2.00,NULL,120,'SALES','2021-03-03 20:39:55',5,482.00,'Transaksi penjualan item pada IV: IV00000092'),(146,22,176.00,0.00,2.00,NULL,121,'SALES','2021-03-03 20:40:06',5,174.00,'Transaksi penjualan item pada IV: IV00000093'),(147,22,174.00,0.00,1.00,NULL,122,'SALES','2021-03-03 20:40:15',5,173.00,'Transaksi penjualan item pada IV: IV00000094'),(148,26,9999985.00,0.00,2.00,NULL,123,'SALES','2021-03-03 20:40:25',5,9999983.00,'Transaksi penjualan item pada IV: IV00000095'),(149,21,180.00,0.00,2.00,NULL,124,'SALES','2021-03-03 20:40:35',5,178.00,'Transaksi penjualan item pada IV: IV00000096'),(150,24,799985.00,0.00,1.00,NULL,125,'SALES','2021-03-03 20:40:45',5,799984.00,'Transaksi penjualan item pada IV: IV00000097'),(151,26,9999983.00,0.00,2.00,NULL,126,'SALES','2021-03-03 20:40:55',5,9999981.00,'Transaksi penjualan item pada IV: IV00000098'),(152,25,8999992.00,0.00,2.00,NULL,127,'SALES','2021-03-03 20:41:05',5,8999990.00,'Transaksi penjualan item pada IV: IV00000099'),(153,25,8999990.00,0.00,2.00,NULL,128,'SALES','2021-03-03 20:41:14',5,8999988.00,'Transaksi penjualan item pada IV: IV00000100'),(154,21,178.00,0.00,2.00,NULL,129,'SALES','2021-03-03 20:41:29',5,176.00,'Transaksi penjualan item pada IV: IV00000101'),(155,23,482.00,0.00,2.00,NULL,130,'SALES','2021-03-03 20:41:51',5,480.00,'Transaksi penjualan item pada IV: IV00000102'),(156,22,173.00,0.00,2.00,NULL,131,'SALES','2021-03-03 20:42:01',5,171.00,'Transaksi penjualan item pada IV: IV00000103'),(157,22,171.00,0.00,2.00,NULL,132,'SALES','2021-03-03 20:42:10',5,169.00,'Transaksi penjualan item pada IV: IV00000104'),(158,20,782.00,0.00,1.00,NULL,133,'SALES','2021-03-03 20:42:21',5,781.00,'Transaksi penjualan item pada IV: IV00000105'),(159,26,9999981.00,0.00,2.00,NULL,134,'SALES','2021-03-03 20:46:37',5,9999979.00,'Transaksi penjualan item pada IV: IV00000106'),(160,26,9999979.00,0.00,1.00,NULL,135,'SALES','2021-03-03 20:47:13',5,9999978.00,'Transaksi penjualan item pada IV: IV00000107'),(161,21,176.00,0.00,1.00,NULL,136,'SALES','2021-03-03 20:47:23',5,175.00,'Transaksi penjualan item pada IV: IV00000108'),(162,25,8999988.00,0.00,3.00,NULL,137,'SALES','2021-03-03 20:48:11',5,8999985.00,'Transaksi penjualan item pada IV: IV00000109'),(163,23,480.00,0.00,1.00,NULL,138,'SALES','2021-03-03 20:48:36',5,479.00,'Transaksi penjualan item pada IV: IV00000110'),(164,20,781.00,0.00,3.00,NULL,139,'SALES','2021-03-03 20:48:48',5,778.00,'Transaksi penjualan item pada IV: IV00000111'),(165,25,8999985.00,0.00,2.00,NULL,140,'SALES','2021-03-03 20:49:07',5,8999983.00,'Transaksi penjualan item pada IV: IV00000112'),(166,24,799984.00,0.00,2.00,NULL,141,'SALES','2021-03-03 20:50:45',5,799982.00,'Transaksi penjualan item pada IV: IV00000113'),(167,22,169.00,0.00,2.00,NULL,142,'SALES','2021-03-03 20:50:56',5,167.00,'Transaksi penjualan item pada IV: IV00000114'),(168,24,799982.00,0.00,3.00,NULL,143,'SALES','2021-03-03 20:51:05',5,799979.00,'Transaksi penjualan item pada IV: IV00000115'),(169,23,479.00,0.00,2.00,NULL,144,'SALES','2021-03-03 20:51:15',5,477.00,'Transaksi penjualan item pada IV: IV00000116'),(170,26,9999978.00,0.00,2.00,NULL,145,'SALES','2021-03-03 20:51:25',5,9999976.00,'Transaksi penjualan item pada IV: IV00000117'),(171,24,799979.00,0.00,1.00,NULL,146,'SALES','2021-03-03 20:52:09',5,799978.00,'Transaksi penjualan item pada IV: IV00000118'),(172,22,167.00,0.00,2.00,NULL,147,'SALES','2021-03-03 20:52:23',5,165.00,'Transaksi penjualan item pada IV: IV00000119'),(173,24,799978.00,0.00,3.00,NULL,148,'SALES','2021-03-03 20:53:06',5,799975.00,'Transaksi penjualan item pada IV: IV00000120'),(174,23,477.00,0.00,3.00,NULL,149,'SALES','2021-03-03 20:53:28',5,474.00,'Transaksi penjualan item pada IV: IV00000121'),(175,21,175.00,0.00,2.00,NULL,150,'SALES','2021-03-03 20:53:38',5,173.00,'Transaksi penjualan item pada IV: IV00000122'),(176,23,474.00,0.00,3.00,NULL,151,'SALES','2021-03-03 20:53:47',5,471.00,'Transaksi penjualan item pada IV: IV00000123'),(177,24,799975.00,0.00,2.00,NULL,152,'SALES','2021-03-03 20:53:56',5,799973.00,'Transaksi penjualan item pada IV: IV00000124'),(178,23,471.00,0.00,2.00,NULL,153,'SALES','2021-03-03 20:54:06',5,469.00,'Transaksi penjualan item pada IV: IV00000125'),(179,22,165.00,0.00,1.00,NULL,154,'SALES','2021-03-03 20:54:16',5,164.00,'Transaksi penjualan item pada IV: IV00000126'),(180,20,778.00,0.00,2.00,NULL,155,'SALES','2021-03-03 20:54:25',5,776.00,'Transaksi penjualan item pada IV: IV00000127'),(181,21,173.00,0.00,1.00,NULL,156,'SALES','2021-03-03 20:54:38',5,172.00,'Transaksi penjualan item pada IV: IV00000128'),(182,22,164.00,0.00,2.00,NULL,157,'SALES','2021-03-03 20:54:47',5,162.00,'Transaksi penjualan item pada IV: IV00000129'),(183,23,469.00,0.00,2.00,NULL,158,'SALES','2021-03-03 20:54:56',5,467.00,'Transaksi penjualan item pada IV: IV00000130'),(184,22,162.00,0.00,2.00,NULL,159,'SALES','2021-03-03 20:55:05',5,160.00,'Transaksi penjualan item pada IV: IV00000131'),(185,22,160.00,0.00,2.00,NULL,160,'SALES','2021-03-03 20:55:15',5,158.00,'Transaksi penjualan item pada IV: IV00000132'),(186,23,467.00,0.00,2.00,NULL,161,'SALES','2021-03-03 20:55:25',5,465.00,'Transaksi penjualan item pada IV: IV00000133'),(187,18,1000.00,0.00,2.00,NULL,162,'SALES','2021-03-03 20:55:36',5,998.00,'Transaksi penjualan item pada IV: IV00000134'),(188,20,776.00,0.00,1.00,NULL,163,'SALES','2021-03-03 20:55:46',5,775.00,'Transaksi penjualan item pada IV: IV00000135'),(189,20,775.00,0.00,2.00,NULL,164,'SALES','2021-03-03 20:55:55',5,773.00,'Transaksi penjualan item pada IV: IV00000136'),(190,22,158.00,0.00,2.00,NULL,165,'SALES','2021-03-03 20:56:05',5,156.00,'Transaksi penjualan item pada IV: IV00000137'),(191,23,465.00,0.00,1.00,NULL,166,'SALES','2021-03-03 20:56:16',5,464.00,'Transaksi penjualan item pada IV: IV00000138'),(192,22,156.00,0.00,2.00,NULL,167,'SALES','2021-03-03 20:56:26',5,154.00,'Transaksi penjualan item pada IV: IV00000139'),(193,24,799973.00,0.00,2.00,NULL,168,'SALES','2021-03-03 20:57:36',5,799971.00,'Transaksi penjualan item pada IV: IV00000140'),(194,21,172.00,0.00,2.00,NULL,169,'SALES','2021-03-03 20:57:48',5,170.00,'Transaksi penjualan item pada IV: IV00000141'),(195,22,154.00,0.00,2.00,NULL,170,'SALES','2021-03-03 20:57:58',5,152.00,'Transaksi penjualan item pada IV: IV00000142'),(196,22,152.00,0.00,2.00,NULL,171,'SALES','2021-03-03 20:58:08',5,150.00,'Transaksi penjualan item pada IV: IV00000143'),(197,20,773.00,0.00,2.00,NULL,172,'SALES','2021-03-03 20:58:18',5,771.00,'Transaksi penjualan item pada IV: IV00000144'),(198,22,150.00,0.00,2.00,NULL,173,'SALES','2021-03-03 20:58:27',5,148.00,'Transaksi penjualan item pada IV: IV00000145'),(199,22,148.00,0.00,2.00,NULL,174,'SALES','2021-03-03 20:58:41',5,146.00,'Transaksi penjualan item pada IV: IV00000146'),(200,25,8999983.00,0.00,2.00,NULL,175,'SALES','2022-03-18 21:26:37',5,8999981.00,'Transaksi penjualan item pada IV: IV00000147'),(201,23,464.00,0.00,2.00,NULL,176,'SALES','2022-03-18 21:26:50',5,462.00,'Transaksi penjualan item pada IV: IV00000148'),(202,23,462.00,0.00,2.00,NULL,177,'SALES','2022-03-18 21:26:59',5,460.00,'Transaksi penjualan item pada IV: IV00000149'),(203,23,460.00,0.00,2.00,NULL,178,'SALES','2022-03-18 21:28:30',5,458.00,'Transaksi penjualan item pada IV: IV00000150'),(204,21,170.00,0.00,3.00,NULL,179,'SALES','2022-03-18 21:28:39',5,167.00,'Transaksi penjualan item pada IV: IV00000151'),(205,22,146.00,0.00,1.00,NULL,180,'SALES','2022-03-18 21:28:53',5,145.00,'Transaksi penjualan item pada IV: IV00000152'),(206,24,799971.00,0.00,2.00,NULL,181,'SALES','2022-03-18 21:29:03',5,799969.00,'Transaksi penjualan item pada IV: IV00000153'),(207,23,458.00,0.00,2.00,NULL,182,'SALES','2022-03-18 21:29:12',5,456.00,'Transaksi penjualan item pada IV: IV00000154'),(208,21,167.00,0.00,3.00,NULL,183,'SALES','2022-03-18 21:29:22',5,164.00,'Transaksi penjualan item pada IV: IV00000155'),(209,25,8999981.00,0.00,2.00,NULL,184,'SALES','2022-03-18 21:29:30',5,8999979.00,'Transaksi penjualan item pada IV: IV00000156'),(210,23,456.00,0.00,2.00,NULL,185,'SALES','2022-03-18 21:29:39',5,454.00,'Transaksi penjualan item pada IV: IV00000157'),(211,24,799969.00,0.00,2.00,NULL,186,'SALES','2022-03-18 21:29:49',5,799967.00,'Transaksi penjualan item pada IV: IV00000158'),(212,22,145.00,0.00,1.00,NULL,187,'SALES','2022-03-18 21:30:06',5,144.00,'Transaksi penjualan item pada IV: IV00000159'),(213,23,454.00,0.00,2.00,NULL,188,'SALES','2022-03-18 21:30:15',5,452.00,'Transaksi penjualan item pada IV: IV00000160'),(214,25,8999979.00,0.00,2.00,NULL,189,'SALES','2022-03-18 21:30:24',5,8999977.00,'Transaksi penjualan item pada IV: IV00000161'),(215,22,144.00,0.00,1.00,NULL,190,'SALES','2022-03-18 21:30:33',5,143.00,'Transaksi penjualan item pada IV: IV00000162'),(216,23,452.00,0.00,2.00,NULL,191,'SALES','2022-03-18 21:30:44',5,450.00,'Transaksi penjualan item pada IV: IV00000163'),(217,22,143.00,0.00,2.00,NULL,192,'SALES','2022-03-18 21:31:10',5,141.00,'Transaksi penjualan item pada IV: IV00000164'),(218,24,799967.00,0.00,2.00,NULL,193,'SALES','2022-03-18 21:31:20',5,799965.00,'Transaksi penjualan item pada IV: IV00000165'),(219,24,799965.00,0.00,2.00,NULL,194,'SALES','2022-03-18 21:31:29',5,799963.00,'Transaksi penjualan item pada IV: IV00000166'),(220,24,799963.00,0.00,2.00,NULL,195,'SALES','2022-03-18 21:31:41',5,799961.00,'Transaksi penjualan item pada IV: IV00000167'),(221,22,141.00,0.00,1.00,NULL,196,'SALES','2022-03-18 21:31:53',5,140.00,'Transaksi penjualan item pada IV: IV00000168'),(222,25,8999977.00,0.00,2.00,NULL,197,'SALES','2022-03-18 21:32:05',5,8999975.00,'Transaksi penjualan item pada IV: IV00000169'),(223,24,799961.00,0.00,3.00,NULL,198,'SALES','2022-03-18 21:32:35',5,799958.00,'Transaksi penjualan item pada IV: IV00000170'),(224,24,799958.00,0.00,2.00,NULL,199,'SALES','2022-03-18 21:36:10',5,799956.00,'Transaksi penjualan item pada IV: IV00000171'),(225,25,8999975.00,0.00,2.00,NULL,200,'SALES','2022-03-18 21:36:27',5,8999973.00,'Transaksi penjualan item pada IV: IV00000172'),(226,25,8999973.00,0.00,3.00,NULL,201,'SALES','2022-03-18 21:36:43',5,8999970.00,'Transaksi penjualan item pada IV: IV00000173'),(227,24,799956.00,0.00,3.00,NULL,202,'SALES','2022-03-18 21:36:54',5,799953.00,'Transaksi penjualan item pada IV: IV00000174'),(228,25,8999970.00,0.00,2.00,NULL,203,'SALES','2022-03-18 21:37:04',5,8999968.00,'Transaksi penjualan item pada IV: IV00000175'),(229,24,799953.00,0.00,2.00,NULL,204,'SALES','2022-03-18 21:37:12',5,799951.00,'Transaksi penjualan item pada IV: IV00000176'),(230,22,140.00,0.00,1.00,NULL,205,'SALES','2022-03-18 21:37:25',5,139.00,'Transaksi penjualan item pada IV: IV00000177'),(231,25,8999968.00,0.00,1.00,NULL,206,'SALES','2022-03-18 21:37:33',5,8999967.00,'Transaksi penjualan item pada IV: IV00000178'),(232,23,450.00,0.00,1.00,NULL,207,'SALES','2022-03-18 21:37:42',5,449.00,'Transaksi penjualan item pada IV: IV00000179'),(233,23,449.00,0.00,1.00,NULL,208,'SALES','2022-03-18 21:37:50',5,448.00,'Transaksi penjualan item pada IV: IV00000180'),(234,23,448.00,0.00,2.00,NULL,209,'SALES','2022-03-18 21:37:59',5,446.00,'Transaksi penjualan item pada IV: IV00000181'),(235,23,446.00,0.00,1.00,NULL,210,'SALES','2022-03-18 21:38:07',5,445.00,'Transaksi penjualan item pada IV: IV00000182'),(236,21,164.00,0.00,1.00,NULL,211,'SALES','2022-03-18 21:38:15',5,163.00,'Transaksi penjualan item pada IV: IV00000183'),(237,22,139.00,0.00,2.00,NULL,212,'SALES','2022-03-18 21:38:24',5,137.00,'Transaksi penjualan item pada IV: IV00000184'),(238,23,445.00,0.00,2.00,NULL,213,'SALES','2022-03-18 21:38:32',5,443.00,'Transaksi penjualan item pada IV: IV00000185'),(239,24,799951.00,0.00,2.00,NULL,214,'SALES','2022-03-18 21:38:40',5,799949.00,'Transaksi penjualan item pada IV: IV00000186'),(240,22,137.00,0.00,1.00,NULL,215,'SALES','2022-03-18 21:38:51',5,136.00,'Transaksi penjualan item pada IV: IV00000187'),(241,25,8999967.00,0.00,2.00,NULL,216,'SALES','2022-03-18 21:38:59',5,8999965.00,'Transaksi penjualan item pada IV: IV00000188'),(242,21,163.00,0.00,3.00,NULL,217,'SALES','2022-03-18 21:39:09',5,160.00,'Transaksi penjualan item pada IV: IV00000189'),(243,22,136.00,0.00,1.00,NULL,218,'SALES','2022-03-18 21:39:25',5,135.00,'Transaksi penjualan item pada IV: IV00000190'),(244,26,9999976.00,0.00,1.00,NULL,219,'SALES','2022-03-18 21:39:33',5,9999975.00,'Transaksi penjualan item pada IV: IV00000191'),(245,24,799949.00,0.00,1.00,NULL,220,'SALES','2022-03-18 21:39:42',5,799948.00,'Transaksi penjualan item pada IV: IV00000192'),(246,23,443.00,0.00,1.00,NULL,221,'SALES','2022-03-18 21:40:11',5,442.00,'Transaksi penjualan item pada IV: IV00000193'),(247,24,799948.00,0.00,1.00,NULL,222,'SALES','2022-03-18 21:40:19',5,799947.00,'Transaksi penjualan item pada IV: IV00000194'),(248,22,135.00,0.00,1.00,NULL,223,'SALES','2022-03-18 21:40:27',5,134.00,'Transaksi penjualan item pada IV: IV00000195'),(249,23,442.00,0.00,1.00,NULL,224,'SALES','2022-03-18 21:40:36',5,441.00,'Transaksi penjualan item pada IV: IV00000196'),(250,22,134.00,0.00,1.00,NULL,225,'SALES','2022-03-18 21:40:49',5,133.00,'Transaksi penjualan item pada IV: IV00000197'),(251,22,133.00,0.00,2.00,NULL,226,'SALES','2022-03-18 21:40:57',5,131.00,'Transaksi penjualan item pada IV: IV00000198'),(252,25,8999965.00,0.00,2.00,NULL,227,'SALES','2022-03-18 21:41:07',5,8999963.00,'Transaksi penjualan item pada IV: IV00000199'),(253,24,799947.00,0.00,2.00,NULL,228,'SALES','2022-03-18 21:48:20',5,799945.00,'Transaksi penjualan item pada IV: IV00000200'),(254,24,799945.00,0.00,2.00,NULL,229,'SALES','2022-03-18 21:48:40',5,799943.00,'Transaksi penjualan item pada IV: IV00000201'),(255,24,799943.00,0.00,2.00,NULL,230,'SALES','2022-03-18 21:48:55',5,799941.00,'Transaksi penjualan item pada IV: IV00000202'),(256,22,131.00,0.00,1.00,NULL,231,'SALES','2022-03-18 21:49:04',5,130.00,'Transaksi penjualan item pada IV: IV00000203'),(257,16,2000.00,0.00,1.00,NULL,232,'SALES','2022-03-18 21:49:24',5,1999.00,'Transaksi penjualan item pada IV: IV00000204'),(258,17,5000.00,0.00,1.00,NULL,233,'SALES','2022-03-18 21:49:35',5,4999.00,'Transaksi penjualan item pada IV: IV00000205'),(259,22,130.00,0.00,2.00,NULL,234,'SALES','2022-03-18 21:49:45',5,128.00,'Transaksi penjualan item pada IV: IV00000206'),(260,22,128.00,0.00,1.00,NULL,235,'SALES','2022-03-18 21:49:55',5,127.00,'Transaksi penjualan item pada IV: IV00000207'),(261,24,799941.00,0.00,1.00,NULL,236,'SALES','2022-03-18 21:50:03',5,799940.00,'Transaksi penjualan item pada IV: IV00000208'),(262,24,799940.00,0.00,1.00,NULL,237,'SALES','2022-03-18 21:50:10',5,799939.00,'Transaksi penjualan item pada IV: IV00000209'),(263,23,441.00,0.00,1.00,NULL,238,'SALES','2022-03-18 21:50:20',5,440.00,'Transaksi penjualan item pada IV: IV00000210'),(264,22,127.00,0.00,1.00,NULL,239,'SALES','2022-03-18 21:50:28',5,126.00,'Transaksi penjualan item pada IV: IV00000211'),(265,24,799939.00,0.00,1.00,NULL,240,'SALES','2022-03-18 21:50:37',5,799938.00,'Transaksi penjualan item pada IV: IV00000212'),(266,23,440.00,0.00,2.00,NULL,241,'SALES','2022-03-18 21:50:45',5,438.00,'Transaksi penjualan item pada IV: IV00000213'),(267,24,799938.00,0.00,1.00,NULL,242,'SALES','2022-03-18 21:50:54',5,799937.00,'Transaksi penjualan item pada IV: IV00000214'),(268,23,438.00,0.00,3.00,NULL,243,'SALES','2022-03-18 21:51:03',5,435.00,'Transaksi penjualan item pada IV: IV00000215'),(269,23,435.00,0.00,1.00,NULL,244,'SALES','2022-03-18 21:51:11',5,434.00,'Transaksi penjualan item pada IV: IV00000216'),(270,23,434.00,0.00,1.00,NULL,245,'SALES','2022-03-18 21:51:19',5,433.00,'Transaksi penjualan item pada IV: IV00000217'),(271,20,771.00,0.00,2.00,NULL,246,'SALES','2022-03-18 21:51:27',5,769.00,'Transaksi penjualan item pada IV: IV00000218'),(272,21,160.00,0.00,2.00,NULL,247,'SALES','2022-03-18 21:51:35',5,158.00,'Transaksi penjualan item pada IV: IV00000219'),(273,23,433.00,0.00,2.00,NULL,248,'SALES','2022-03-18 21:51:45',5,431.00,'Transaksi penjualan item pada IV: IV00000220'),(274,26,9999975.00,0.00,1.00,NULL,249,'SALES','2022-03-18 21:51:54',5,9999974.00,'Transaksi penjualan item pada IV: IV00000221'),(275,24,799937.00,0.00,2.00,NULL,250,'SALES','2022-03-18 21:52:01',5,799935.00,'Transaksi penjualan item pada IV: IV00000222'),(276,22,126.00,0.00,1.00,NULL,251,'SALES','2022-03-18 21:52:10',5,125.00,'Transaksi penjualan item pada IV: IV00000223'),(277,22,125.00,0.00,1.00,NULL,252,'SALES','2022-03-18 21:52:18',5,124.00,'Transaksi penjualan item pada IV: IV00000224'),(278,20,769.00,0.00,1.00,NULL,253,'SALES','2022-03-18 21:52:27',5,768.00,'Transaksi penjualan item pada IV: IV00000225'),(279,23,431.00,0.00,2.00,NULL,254,'SALES','2022-03-18 21:52:34',5,429.00,'Transaksi penjualan item pada IV: IV00000226'),(280,24,799935.00,0.00,2.00,NULL,255,'SALES','2022-03-18 21:52:44',5,799933.00,'Transaksi penjualan item pada IV: IV00000227'),(281,23,429.00,0.00,2.00,NULL,256,'SALES','2022-03-18 21:52:51',5,427.00,'Transaksi penjualan item pada IV: IV00000228'),(282,22,124.00,0.00,2.00,NULL,257,'SALES','2022-03-18 21:53:01',5,122.00,'Transaksi penjualan item pada IV: IV00000229'),(283,22,122.00,0.00,1.00,NULL,258,'SALES','2022-03-18 21:53:09',5,121.00,'Transaksi penjualan item pada IV: IV00000230'),(284,23,427.00,0.00,2.00,NULL,259,'SALES','2022-03-18 21:53:17',5,425.00,'Transaksi penjualan item pada IV: IV00000231'),(285,22,121.00,0.00,1.00,NULL,260,'SALES','2022-03-18 21:53:25',5,120.00,'Transaksi penjualan item pada IV: IV00000232'),(286,21,158.00,0.00,1.00,NULL,261,'SALES','2022-03-18 21:53:35',5,157.00,'Transaksi penjualan item pada IV: IV00000233'),(287,22,120.00,0.00,2.00,NULL,262,'SALES','2022-03-18 21:53:44',5,118.00,'Transaksi penjualan item pada IV: IV00000234'),(288,24,799933.00,0.00,2.00,NULL,263,'SALES','2022-03-18 21:53:52',5,799931.00,'Transaksi penjualan item pada IV: IV00000235'),(289,26,9999974.00,0.00,2.00,NULL,264,'SALES','2022-03-18 21:54:02',5,9999972.00,'Transaksi penjualan item pada IV: IV00000236'),(290,25,8999963.00,0.00,2.00,NULL,265,'SALES','2022-03-18 21:54:10',5,8999961.00,'Transaksi penjualan item pada IV: IV00000237'),(291,23,425.00,0.00,2.00,NULL,266,'SALES','2022-03-18 21:54:18',5,423.00,'Transaksi penjualan item pada IV: IV00000238'),(292,22,118.00,0.00,2.00,NULL,267,'SALES','2022-03-18 21:54:26',5,116.00,'Transaksi penjualan item pada IV: IV00000239'),(293,22,116.00,0.00,1.00,NULL,268,'SALES','2022-03-18 21:54:37',5,115.00,'Transaksi penjualan item pada IV: IV00000240'),(294,23,423.00,0.00,2.00,NULL,269,'SALES','2022-03-18 21:54:45',5,421.00,'Transaksi penjualan item pada IV: IV00000241'),(295,24,799931.00,0.00,2.00,NULL,270,'SALES','2022-03-18 21:54:54',5,799929.00,'Transaksi penjualan item pada IV: IV00000242'),(296,22,115.00,0.00,2.00,NULL,271,'SALES','2022-03-18 21:55:03',5,113.00,'Transaksi penjualan item pada IV: IV00000243'),(297,20,768.00,0.00,2.00,NULL,272,'SALES','2022-03-18 21:55:11',5,766.00,'Transaksi penjualan item pada IV: IV00000244'),(298,22,113.00,0.00,2.00,NULL,273,'SALES','2022-03-18 21:55:21',5,111.00,'Transaksi penjualan item pada IV: IV00000245'),(299,24,799929.00,0.00,2.00,NULL,274,'SALES','2022-03-18 21:55:31',5,799927.00,'Transaksi penjualan item pada IV: IV00000246'),(300,24,799927.00,0.00,2.00,NULL,275,'SALES','2022-03-18 21:55:39',5,799925.00,'Transaksi penjualan item pada IV: IV00000247'),(301,24,799925.00,0.00,2.00,NULL,276,'SALES','2022-03-18 21:55:49',5,799923.00,'Transaksi penjualan item pada IV: IV00000248'),(302,25,8999961.00,0.00,3.00,NULL,277,'SALES','2022-03-18 21:55:58',5,8999958.00,'Transaksi penjualan item pada IV: IV00000249'),(303,25,8999958.00,0.00,1.00,NULL,278,'SALES','2022-03-18 22:01:14',5,8999957.00,'Transaksi penjualan item pada IV: IV00000250'),(304,24,799923.00,0.00,2.00,NULL,279,'SALES','2022-03-18 22:01:14',5,799921.00,'Transaksi penjualan item pada IV: IV00000250'),(305,25,8999957.00,1.00,0.00,24,NULL,'PURCHASE','2022-03-18 22:09:52',5,8999958.00,'Transaksi pembelian item pada PO: PO00000010'),(306,6,2087.00,3.00,0.00,25,NULL,'PURCHASE','2022-03-18 22:09:57',5,2090.00,'Transaksi pembelian item pada PO: PO00000011'),(307,25,8999958.00,3.00,0.00,26,NULL,'PURCHASE','2022-03-18 22:10:01',5,8999961.00,'Transaksi pembelian item pada PO: PO00000012'),(308,11,100200.00,200.00,0.00,27,NULL,'PURCHASE','2022-03-18 22:10:05',5,100400.00,'Transaksi pembelian item pada PO: PO00000013'),(309,19,500.00,100.00,0.00,28,NULL,'PURCHASE','2022-03-18 22:10:10',5,600.00,'Transaksi pembelian item pada PO: PO00000014'),(310,15,999.00,100.00,0.00,29,NULL,'PURCHASE','2022-03-18 22:11:55',5,1099.00,'Transaksi pembelian item pada PO: PO00000015'),(311,11,100400.00,100.00,0.00,30,NULL,'PURCHASE','2022-03-18 22:11:59',5,100500.00,'Transaksi pembelian item pada PO: PO00000016'),(312,5,19975.00,1.00,0.00,31,NULL,'PURCHASE','2022-03-18 22:15:29',5,19976.00,'Transaksi pembelian item pada PO: PO00000017'),(313,11,100500.00,10.00,0.00,32,NULL,'PURCHASE','2022-03-18 22:15:33',5,100510.00,'Transaksi pembelian item pada PO: PO00000018'),(314,5,19976.00,2.00,0.00,33,NULL,'PURCHASE','2022-03-18 22:15:38',5,19978.00,'Transaksi pembelian item pada PO: PO00000019'),(315,6,2090.00,3.00,0.00,34,NULL,'PURCHASE','2022-03-18 22:15:42',5,2093.00,'Transaksi pembelian item pada PO: PO00000020'),(316,6,2093.00,2.00,0.00,35,NULL,'PURCHASE','2022-03-18 22:15:46',5,2095.00,'Transaksi pembelian item pada PO: PO00000021'),(317,6,2095.00,2.00,0.00,36,NULL,'PURCHASE','2022-03-18 22:15:51',5,2097.00,'Transaksi pembelian item pada PO: PO00000022'),(318,5,19978.00,2.00,0.00,37,NULL,'PURCHASE','2022-03-18 22:15:55',5,19980.00,'Transaksi pembelian item pada PO: PO00000023'),(319,6,2097.00,2.00,0.00,38,NULL,'PURCHASE','2022-03-18 22:27:37',5,2099.00,'Transaksi pembelian item pada PO: PO00000024'),(320,15,1099.00,1111.00,0.00,39,NULL,'PURCHASE','2022-03-18 22:27:41',5,2210.00,'Transaksi pembelian item pada PO: PO00000025'),(321,6,2099.00,2.00,0.00,40,NULL,'PURCHASE','2022-03-18 22:27:45',5,2101.00,'Transaksi pembelian item pada PO: PO00000026'),(322,6,2101.00,2.00,0.00,41,NULL,'PURCHASE','2022-03-18 22:27:49',5,2103.00,'Transaksi pembelian item pada PO: PO00000027'),(323,5,19980.00,2.00,0.00,42,NULL,'PURCHASE','2022-03-18 22:27:53',5,19982.00,'Transaksi pembelian item pada PO: PO00000028'),(324,5,19982.00,2.00,0.00,43,NULL,'PURCHASE','2022-03-18 22:27:58',5,19984.00,'Transaksi pembelian item pada PO: PO00000029'),(325,19,600.00,2.00,0.00,44,NULL,'PURCHASE','2022-03-18 22:28:02',5,602.00,'Transaksi pembelian item pada PO: PO00000030'),(326,19,602.00,22.00,0.00,45,NULL,'PURCHASE','2022-03-18 22:28:07',5,624.00,'Transaksi pembelian item pada PO: PO00000031'),(327,5,19984.00,2.00,0.00,46,NULL,'PURCHASE','2022-03-18 22:28:11',5,19986.00,'Transaksi pembelian item pada PO: PO00000032'),(328,5,19986.00,2.00,0.00,47,NULL,'PURCHASE','2022-03-18 22:28:15',5,19988.00,'Transaksi pembelian item pada PO: PO00000033'),(329,24,799921.00,2.00,0.00,48,NULL,'PURCHASE','2022-03-18 22:28:20',5,799923.00,'Transaksi pembelian item pada PO: PO00000034'),(330,20,766.00,3.00,0.00,49,NULL,'PURCHASE','2022-03-18 22:28:24',5,769.00,'Transaksi pembelian item pada PO: PO00000035'),(331,20,769.00,3.00,0.00,50,NULL,'PURCHASE','2022-03-18 22:28:29',5,772.00,'Transaksi pembelian item pada PO: PO00000036'),(332,15,2210.00,3.00,0.00,51,NULL,'PURCHASE','2022-03-18 22:28:44',5,2213.00,'Transaksi pembelian item pada PO: PO00000037'),(333,15,2213.00,3.00,0.00,51,NULL,'PURCHASE','2022-03-18 22:28:46',5,2216.00,'Transaksi pembelian item pada PO: PO00000038'),(334,19,624.00,3.00,0.00,52,NULL,'PURCHASE','2022-03-18 22:28:57',5,627.00,'Transaksi pembelian item pada PO: PO00000039'),(335,5,19988.00,3.00,0.00,53,NULL,'PURCHASE','2022-03-18 22:29:02',5,19991.00,'Transaksi pembelian item pada PO: PO00000040'),(336,6,2103.00,2.00,0.00,54,NULL,'PURCHASE','2022-03-18 22:29:07',5,2105.00,'Transaksi pembelian item pada PO: PO00000041'),(337,15,2216.00,2.00,0.00,55,NULL,'PURCHASE','2022-03-18 22:29:12',5,2218.00,'Transaksi pembelian item pada PO: PO00000042'),(338,5,19991.00,3.00,0.00,56,NULL,'PURCHASE','2022-03-18 22:29:16',5,19994.00,'Transaksi pembelian item pada PO: PO00000043'),(339,19,627.00,10.00,0.00,57,NULL,'PURCHASE','2022-03-18 22:29:21',5,637.00,'Transaksi pembelian item pada PO: PO00000044'),(340,15,2218.00,10.00,0.00,58,NULL,'PURCHASE','2022-03-18 22:29:27',5,2228.00,'Transaksi pembelian item pada PO: PO00000045'),(341,19,637.00,10.00,0.00,59,NULL,'PURCHASE','2022-03-18 22:29:32',5,647.00,'Transaksi pembelian item pada PO: PO00000046'),(342,19,647.00,10.00,0.00,60,NULL,'PURCHASE','2022-03-18 22:29:37',5,657.00,'Transaksi pembelian item pada PO: PO00000047'),(343,15,2228.00,10.00,0.00,61,NULL,'PURCHASE','2022-03-18 22:29:42',5,2238.00,'Transaksi pembelian item pada PO: PO00000048'),(344,15,2238.00,10.00,0.00,62,NULL,'PURCHASE','2022-03-18 22:29:48',5,2248.00,'Transaksi pembelian item pada PO: PO00000049'),(345,15,2248.00,10.00,0.00,63,NULL,'PURCHASE','2022-03-18 22:29:54',5,2258.00,'Transaksi pembelian item pada PO: PO00000050'),(346,15,2258.00,10.00,0.00,64,NULL,'PURCHASE','2022-03-18 22:29:58',5,2268.00,'Transaksi pembelian item pada PO: PO00000051'),(347,6,2105.00,10.00,0.00,65,NULL,'PURCHASE','2022-03-18 22:30:03',5,2115.00,'Transaksi pembelian item pada PO: PO00000052'),(348,5,19994.00,10.00,0.00,66,NULL,'PURCHASE','2022-03-18 22:30:08',5,20004.00,'Transaksi pembelian item pada PO: PO00000053'),(349,5,20004.00,10.00,0.00,67,NULL,'PURCHASE','2022-03-18 22:30:13',5,20014.00,'Transaksi pembelian item pada PO: PO00000054'),(350,20,772.00,10.00,0.00,68,NULL,'PURCHASE','2022-03-18 22:30:18',5,782.00,'Transaksi pembelian item pada PO: PO00000055'),(351,19,657.00,10.00,0.00,69,NULL,'PURCHASE','2022-03-18 22:30:23',5,667.00,'Transaksi pembelian item pada PO: PO00000056'),(352,5,20014.00,10.00,0.00,70,NULL,'PURCHASE','2022-03-18 22:30:28',5,20024.00,'Transaksi pembelian item pada PO: PO00000057'),(353,11,100510.00,10.00,0.00,71,NULL,'PURCHASE','2022-03-18 22:30:34',5,100520.00,'Transaksi pembelian item pada PO: PO00000058'),(354,19,667.00,10.00,0.00,72,NULL,'PURCHASE','2022-03-18 22:30:40',5,677.00,'Transaksi pembelian item pada PO: PO00000059'),(355,19,677.00,10.00,0.00,73,NULL,'PURCHASE','2022-03-18 22:30:45',5,687.00,'Transaksi pembelian item pada PO: PO00000060'),(356,19,687.00,10.00,0.00,74,NULL,'PURCHASE','2022-03-18 22:30:50',5,697.00,'Transaksi pembelian item pada PO: PO00000061'),(357,6,2115.00,10.00,0.00,75,NULL,'PURCHASE','2022-03-18 22:30:55',5,2125.00,'Transaksi pembelian item pada PO: PO00000062'),(358,19,697.00,10.00,0.00,76,NULL,'PURCHASE','2022-03-18 22:31:01',5,707.00,'Transaksi pembelian item pada PO: PO00000063'),(359,15,2268.00,10.00,0.00,77,NULL,'PURCHASE','2022-03-18 22:31:06',5,2278.00,'Transaksi pembelian item pada PO: PO00000064'),(360,19,707.00,10.00,0.00,78,NULL,'PURCHASE','2022-03-18 22:31:15',5,717.00,'Transaksi pembelian item pada PO: PO00000065'),(361,5,20024.00,10.00,0.00,79,NULL,'PURCHASE','2022-03-18 22:31:22',5,20034.00,'Transaksi pembelian item pada PO: PO00000066'),(362,15,2278.00,10.00,0.00,80,NULL,'PURCHASE','2022-03-18 22:31:29',5,2288.00,'Transaksi pembelian item pada PO: PO00000067'),(363,15,2288.00,10.00,0.00,81,NULL,'PURCHASE','2022-03-18 22:31:34',5,2298.00,'Transaksi pembelian item pada PO: PO00000068'),(364,15,2298.00,10.00,0.00,82,NULL,'PURCHASE','2022-03-18 22:31:39',5,2308.00,'Transaksi pembelian item pada PO: PO00000069'),(365,6,2125.00,10.00,0.00,83,NULL,'PURCHASE','2022-03-18 22:31:44',5,2135.00,'Transaksi pembelian item pada PO: PO00000070'),(366,19,717.00,10.00,0.00,84,NULL,'PURCHASE','2022-03-18 22:31:50',5,727.00,'Transaksi pembelian item pada PO: PO00000071'),(367,11,100520.00,10.00,0.00,85,NULL,'PURCHASE','2022-03-18 22:32:06',5,100530.00,'Transaksi pembelian item pada PO: PO00000072'),(368,5,20034.00,10.00,0.00,86,NULL,'PURCHASE','2022-03-18 22:32:15',5,20044.00,'Transaksi pembelian item pada PO: PO00000073'),(369,15,2308.00,10.00,0.00,87,NULL,'PURCHASE','2022-03-18 22:32:23',5,2318.00,'Transaksi pembelian item pada PO: PO00000074'),(370,6,2135.00,10.00,0.00,88,NULL,'PURCHASE','2022-03-18 22:32:27',5,2145.00,'Transaksi pembelian item pada PO: PO00000075'),(371,5,20044.00,10.00,0.00,89,NULL,'PURCHASE','2022-03-18 22:45:46',5,20054.00,'Transaksi pembelian item pada PO: PO00000076'),(372,12,100280.00,10.00,0.00,90,NULL,'PURCHASE','2022-03-18 22:45:51',5,100290.00,'Transaksi pembelian item pada PO: PO00000077'),(373,20,782.00,10.00,0.00,91,NULL,'PURCHASE','2022-03-18 22:45:56',5,792.00,'Transaksi pembelian item pada PO: PO00000078'),(374,20,792.00,10.00,0.00,92,NULL,'PURCHASE','2022-03-18 22:46:04',5,802.00,'Transaksi pembelian item pada PO: PO00000079'),(375,19,727.00,10.00,0.00,93,NULL,'PURCHASE','2022-03-18 22:46:10',5,737.00,'Transaksi pembelian item pada PO: PO00000080'),(376,15,2318.00,10.00,0.00,94,NULL,'PURCHASE','2022-03-18 22:46:14',5,2328.00,'Transaksi pembelian item pada PO: PO00000081'),(377,20,802.00,10.00,0.00,95,NULL,'PURCHASE','2022-03-18 22:46:20',5,812.00,'Transaksi pembelian item pada PO: PO00000082'),(378,15,2328.00,10.00,0.00,96,NULL,'PURCHASE','2022-03-18 22:46:27',5,2338.00,'Transaksi pembelian item pada PO: PO00000083'),(379,5,20054.00,10.00,0.00,97,NULL,'PURCHASE','2022-03-18 22:46:33',5,20064.00,'Transaksi pembelian item pada PO: PO00000084'),(380,20,812.00,10.00,0.00,98,NULL,'PURCHASE','2022-03-18 22:46:39',5,822.00,'Transaksi pembelian item pada PO: PO00000085'),(381,5,20064.00,10.00,0.00,99,NULL,'PURCHASE','2022-03-18 22:46:43',5,20074.00,'Transaksi pembelian item pada PO: PO00000086'),(382,15,2338.00,10.00,0.00,100,NULL,'PURCHASE','2022-03-18 22:46:48',5,2348.00,'Transaksi pembelian item pada PO: PO00000087'),(383,19,737.00,10.00,0.00,101,NULL,'PURCHASE','2022-03-18 22:46:54',5,747.00,'Transaksi pembelian item pada PO: PO00000088'),(384,15,2348.00,10.00,0.00,102,NULL,'PURCHASE','2022-03-18 22:46:59',5,2358.00,'Transaksi pembelian item pada PO: PO00000089'),(385,19,747.00,10.00,0.00,103,NULL,'PURCHASE','2022-03-18 22:47:04',5,757.00,'Transaksi pembelian item pada PO: PO00000090'),(386,19,757.00,10.00,0.00,104,NULL,'PURCHASE','2022-03-18 22:47:09',5,767.00,'Transaksi pembelian item pada PO: PO00000091'),(387,11,100530.00,10.00,0.00,105,NULL,'PURCHASE','2022-03-18 22:47:15',5,100540.00,'Transaksi pembelian item pada PO: PO00000092'),(388,11,100540.00,10.00,0.00,106,NULL,'PURCHASE','2022-03-18 22:47:19',5,100550.00,'Transaksi pembelian item pada PO: PO00000093'),(389,11,100550.00,10.00,0.00,107,NULL,'PURCHASE','2022-03-18 22:47:24',5,100560.00,'Transaksi pembelian item pada PO: PO00000094'),(390,6,2145.00,10.00,0.00,108,NULL,'PURCHASE','2022-03-18 22:47:30',5,2155.00,'Transaksi pembelian item pada PO: PO00000095'),(391,12,100290.00,10.00,0.00,109,NULL,'PURCHASE','2022-03-18 22:47:34',5,100300.00,'Transaksi pembelian item pada PO: PO00000096'),(392,19,767.00,10.00,0.00,110,NULL,'PURCHASE','2022-03-18 22:47:39',5,777.00,'Transaksi pembelian item pada PO: PO00000097'),(393,11,100560.00,10.00,0.00,111,NULL,'PURCHASE','2022-03-18 22:47:44',5,100570.00,'Transaksi pembelian item pada PO: PO00000098'),(394,15,2358.00,10.00,0.00,112,NULL,'PURCHASE','2022-03-18 22:56:59',5,2368.00,'Transaksi pembelian item pada PO: PO00000099'),(395,5,20074.00,10.00,0.00,113,NULL,'PURCHASE','2022-03-18 22:57:13',5,20084.00,'Transaksi pembelian item pada PO: PO00000100'),(396,11,100570.00,10.00,0.00,114,NULL,'PURCHASE','2022-03-18 22:57:19',5,100580.00,'Transaksi pembelian item pada PO: PO00000101'),(397,16,1999.00,10.00,0.00,115,NULL,'PURCHASE','2022-03-18 22:57:38',5,2009.00,'Transaksi pembelian item pada PO: PO00000102'),(398,15,2368.00,10.00,0.00,116,NULL,'PURCHASE','2022-03-18 22:57:48',5,2378.00,'Transaksi pembelian item pada PO: PO00000103'),(399,15,2378.00,10.00,0.00,117,NULL,'PURCHASE','2022-03-18 22:57:54',5,2388.00,'Transaksi pembelian item pada PO: PO00000104'),(400,15,2388.00,10.00,0.00,118,NULL,'PURCHASE','2022-03-18 22:58:03',5,2398.00,'Transaksi pembelian item pada PO: PO00000105'),(401,19,777.00,10.00,0.00,119,NULL,'PURCHASE','2022-03-18 22:58:08',5,787.00,'Transaksi pembelian item pada PO: PO00000106'),(402,19,787.00,10.00,0.00,120,NULL,'PURCHASE','2022-03-18 22:58:13',5,797.00,'Transaksi pembelian item pada PO: PO00000107'),(403,15,2398.00,10.00,0.00,121,NULL,'PURCHASE','2022-03-18 22:58:18',5,2408.00,'Transaksi pembelian item pada PO: PO00000108'),(404,16,2009.00,10.00,0.00,122,NULL,'PURCHASE','2022-03-18 22:58:23',5,2019.00,'Transaksi pembelian item pada PO: PO00000109'),(405,15,2408.00,10.00,0.00,123,NULL,'PURCHASE','2022-03-18 22:58:28',5,2418.00,'Transaksi pembelian item pada PO: PO00000110'),(406,15,2418.00,10.00,0.00,124,NULL,'PURCHASE','2022-03-18 22:58:33',5,2428.00,'Transaksi pembelian item pada PO: PO00000111'),(407,19,797.00,10.00,0.00,125,NULL,'PURCHASE','2022-03-18 22:58:38',5,807.00,'Transaksi pembelian item pada PO: PO00000112'),(408,20,822.00,10.00,0.00,126,NULL,'PURCHASE','2022-03-18 22:58:43',5,832.00,'Transaksi pembelian item pada PO: PO00000113'),(409,12,100300.00,10.00,0.00,127,NULL,'PURCHASE','2022-03-18 22:58:48',5,100310.00,'Transaksi pembelian item pada PO: PO00000114'),(410,20,832.00,10.00,0.00,128,NULL,'PURCHASE','2022-03-18 22:58:58',5,842.00,'Transaksi pembelian item pada PO: PO00000115'),(411,11,100580.00,10.00,0.00,129,NULL,'PURCHASE','2022-03-18 22:59:04',5,100590.00,'Transaksi pembelian item pada PO: PO00000116'),(412,15,2428.00,10.00,0.00,130,NULL,'PURCHASE','2022-03-18 22:59:09',5,2438.00,'Transaksi pembelian item pada PO: PO00000117'),(413,15,2438.00,10.00,0.00,152,NULL,'PURCHASE','2022-03-18 23:13:09',5,2448.00,'Transaksi pembelian item pada PO: PO00000118'),(414,11,100590.00,10.00,0.00,145,NULL,'PURCHASE','2022-03-18 23:13:14',5,100600.00,'Transaksi pembelian item pada PO: PO00000119'),(415,15,2448.00,10.00,0.00,137,NULL,'PURCHASE','2022-03-18 23:13:24',5,2458.00,'Transaksi pembelian item pada PO: PO00000120'),(416,20,842.00,10.00,0.00,146,NULL,'PURCHASE','2022-03-18 23:13:29',5,852.00,'Transaksi pembelian item pada PO: PO00000121'),(417,11,100600.00,10.00,0.00,133,NULL,'PURCHASE','2022-03-18 23:13:34',5,100610.00,'Transaksi pembelian item pada PO: PO00000122'),(418,16,2019.00,10.00,0.00,153,NULL,'PURCHASE','2022-03-18 23:13:43',5,2029.00,'Transaksi pembelian item pada PO: PO00000123'),(419,12,100310.00,10.00,0.00,149,NULL,'PURCHASE','2022-03-18 23:13:48',5,100320.00,'Transaksi pembelian item pada PO: PO00000124'),(420,15,2458.00,10.00,0.00,138,NULL,'PURCHASE','2022-03-18 23:13:53',5,2468.00,'Transaksi pembelian item pada PO: PO00000125'),(421,20,852.00,10.00,0.00,150,NULL,'PURCHASE','2022-03-18 23:13:58',5,862.00,'Transaksi pembelian item pada PO: PO00000126'),(422,11,100610.00,10.00,0.00,135,NULL,'PURCHASE','2022-03-18 23:14:04',5,100620.00,'Transaksi pembelian item pada PO: PO00000127'),(423,19,807.00,10.00,0.00,132,NULL,'PURCHASE','2022-03-18 23:14:08',5,817.00,'Transaksi pembelian item pada PO: PO00000128'),(424,15,2468.00,10.00,0.00,154,NULL,'PURCHASE','2022-03-18 23:14:12',5,2478.00,'Transaksi pembelian item pada PO: PO00000129'),(425,11,100620.00,10.00,0.00,151,NULL,'PURCHASE','2022-03-18 23:14:17',5,100630.00,'Transaksi pembelian item pada PO: PO00000130'),(426,16,2029.00,10.00,0.00,139,NULL,'PURCHASE','2022-03-18 23:14:23',5,2039.00,'Transaksi pembelian item pada PO: PO00000131'),(427,20,862.00,10.00,0.00,155,NULL,'PURCHASE','2022-03-18 23:14:27',5,872.00,'Transaksi pembelian item pada PO: PO00000132'),(428,12,100320.00,10.00,0.00,136,NULL,'PURCHASE','2022-03-18 23:14:32',5,100330.00,'Transaksi pembelian item pada PO: PO00000133'),(429,19,817.00,10.00,0.00,141,NULL,'PURCHASE','2022-03-18 23:14:37',5,827.00,'Transaksi pembelian item pada PO: PO00000134'),(430,15,2478.00,10.00,0.00,147,NULL,'PURCHASE','2022-03-18 23:14:42',5,2488.00,'Transaksi pembelian item pada PO: PO00000135'),(431,11,100630.00,10.00,0.00,140,NULL,'PURCHASE','2022-03-18 23:14:47',5,100640.00,'Transaksi pembelian item pada PO: PO00000136'),(432,19,827.00,10.00,0.00,142,NULL,'PURCHASE','2022-03-18 23:14:54',5,837.00,'Transaksi pembelian item pada PO: PO00000137'),(433,15,2488.00,10.00,0.00,148,NULL,'PURCHASE','2022-03-18 23:14:59',5,2498.00,'Transaksi pembelian item pada PO: PO00000138'),(434,12,100330.00,10.00,0.00,143,NULL,'PURCHASE','2022-03-18 23:15:03',5,100340.00,'Transaksi pembelian item pada PO: PO00000139'),(435,15,2498.00,10.00,0.00,134,NULL,'PURCHASE','2022-03-18 23:15:08',5,2508.00,'Transaksi pembelian item pada PO: PO00000140'),(436,19,837.00,10.00,0.00,144,NULL,'PURCHASE','2022-03-18 23:15:12',5,847.00,'Transaksi pembelian item pada PO: PO00000141'),(437,11,100640.00,10.00,0.00,131,NULL,'PURCHASE','2022-03-18 23:15:17',5,100650.00,'Transaksi pembelian item pada PO: PO00000142'),(438,20,872.00,10.00,0.00,170,NULL,'PURCHASE','2022-03-18 23:20:11',5,882.00,'Transaksi pembelian item pada PO: PO00000143'),(439,11,100650.00,10.00,0.00,159,NULL,'PURCHASE','2022-03-18 23:20:17',5,100660.00,'Transaksi pembelian item pada PO: PO00000144'),(440,15,2508.00,10.00,0.00,165,NULL,'PURCHASE','2022-03-18 23:20:22',5,2518.00,'Transaksi pembelian item pada PO: PO00000145'),(441,11,100660.00,10.00,0.00,177,NULL,'PURCHASE','2022-03-18 23:20:27',5,100670.00,'Transaksi pembelian item pada PO: PO00000146'),(442,16,2039.00,10.00,0.00,181,NULL,'PURCHASE','2022-03-18 23:20:32',5,2049.00,'Transaksi pembelian item pada PO: PO00000147'),(443,19,847.00,10.00,0.00,173,NULL,'PURCHASE','2022-03-18 23:20:37',5,857.00,'Transaksi pembelian item pada PO: PO00000148'),(444,11,100670.00,10.00,0.00,160,NULL,'PURCHASE','2022-03-18 23:20:42',5,100680.00,'Transaksi pembelian item pada PO: PO00000149'),(445,15,2518.00,10.00,0.00,168,NULL,'PURCHASE','2022-03-18 23:20:47',5,2528.00,'Transaksi pembelian item pada PO: PO00000150'),(446,12,100340.00,10.00,0.00,179,NULL,'PURCHASE','2022-03-18 23:20:53',5,100350.00,'Transaksi pembelian item pada PO: PO00000151'),(447,19,857.00,10.00,0.00,174,NULL,'PURCHASE','2022-03-18 23:20:58',5,867.00,'Transaksi pembelian item pada PO: PO00000152'),(448,11,100680.00,10.00,0.00,162,NULL,'PURCHASE','2022-03-18 23:21:03',5,100690.00,'Transaksi pembelian item pada PO: PO00000153'),(449,16,2049.00,10.00,0.00,169,NULL,'PURCHASE','2022-03-18 23:21:08',5,2059.00,'Transaksi pembelian item pada PO: PO00000154'),(450,20,882.00,10.00,0.00,161,NULL,'PURCHASE','2022-03-18 23:21:13',5,892.00,'Transaksi pembelian item pada PO: PO00000155'),(451,16,2059.00,10.00,0.00,157,NULL,'PURCHASE','2022-03-18 23:21:18',5,2069.00,'Transaksi pembelian item pada PO: PO00000156'),(452,5,20084.00,10.00,0.00,156,NULL,'PURCHASE','2022-03-18 23:21:23',5,20094.00,'Transaksi pembelian item pada PO: PO00000157'),(453,19,867.00,10.00,0.00,180,NULL,'PURCHASE','2022-03-18 23:21:28',5,877.00,'Transaksi pembelian item pada PO: PO00000158'),(454,11,100690.00,10.00,0.00,164,NULL,'PURCHASE','2022-03-18 23:21:33',5,100700.00,'Transaksi pembelian item pada PO: PO00000159'),(455,15,2528.00,10.00,0.00,172,NULL,'PURCHASE','2022-03-18 23:21:39',5,2538.00,'Transaksi pembelian item pada PO: PO00000160'),(456,19,877.00,10.00,0.00,166,NULL,'PURCHASE','2022-03-18 23:21:44',5,887.00,'Transaksi pembelian item pada PO: PO00000161'),(457,15,2538.00,10.00,0.00,158,NULL,'PURCHASE','2022-03-18 23:21:49',5,2548.00,'Transaksi pembelian item pada PO: PO00000162'),(458,5,20094.00,10.00,0.00,184,NULL,'PURCHASE','2022-03-18 23:21:54',5,20104.00,'Transaksi pembelian item pada PO: PO00000163'),(459,19,887.00,10.00,0.00,182,NULL,'PURCHASE','2022-03-18 23:22:00',5,897.00,'Transaksi pembelian item pada PO: PO00000164'),(460,11,100700.00,10.00,0.00,171,NULL,'PURCHASE','2022-03-18 23:22:06',5,100710.00,'Transaksi pembelian item pada PO: PO00000165'),(461,15,2548.00,10.00,0.00,175,NULL,'PURCHASE','2022-03-18 23:22:13',5,2558.00,'Transaksi pembelian item pada PO: PO00000166'),(462,19,897.00,10.00,0.00,167,NULL,'PURCHASE','2022-03-18 23:22:19',5,907.00,'Transaksi pembelian item pada PO: PO00000167'),(463,15,2558.00,10.00,0.00,163,NULL,'PURCHASE','2022-03-18 23:22:24',5,2568.00,'Transaksi pembelian item pada PO: PO00000168'),(464,19,907.00,10.00,0.00,183,NULL,'PURCHASE','2022-03-18 23:22:29',5,917.00,'Transaksi pembelian item pada PO: PO00000169'),(465,12,100350.00,10.00,0.00,176,NULL,'PURCHASE','2022-03-18 23:22:35',5,100360.00,'Transaksi pembelian item pada PO: PO00000170'),(466,16,2069.00,10.00,0.00,178,NULL,'PURCHASE','2022-03-18 23:22:39',5,2079.00,'Transaksi pembelian item pada PO: PO00000171');
/*!40000 ALTER TABLE `hs_item_stock_log` ENABLE KEYS */;
UNLOCK TABLES;

--
-- Table structure for table `hs_item_uom`
--

DROP TABLE IF EXISTS `hs_item_uom`;
/*!40101 SET @saved_cs_client     = @@character_set_client */;
/*!50503 SET character_set_client = utf8mb4 */;
CREATE TABLE `hs_item_uom` (
  `ituo_id` int(10) unsigned NOT NULL AUTO_INCREMENT,
  `name` varchar(50) COLLATE utf8mb4_unicode_ci NOT NULL,
  `description` text COLLATE utf8mb4_unicode_ci,
  `status` varchar(10) COLLATE utf8mb4_unicode_ci NOT NULL,
  PRIMARY KEY (`ituo_id`),
  UNIQUE KEY `hs_item_uom_name_unique` (`name`)
) ENGINE=InnoDB AUTO_INCREMENT=3 DEFAULT CHARSET=utf8mb4 COLLATE=utf8mb4_unicode_ci;
/*!40101 SET character_set_client = @saved_cs_client */;

--
-- Dumping data for table `hs_item_uom`
--

LOCK TABLES `hs_item_uom` WRITE;
/*!40000 ALTER TABLE `hs_item_uom` DISABLE KEYS */;
INSERT INTO `hs_item_uom` VALUES (1,'KG','Kilogram aw','INACTIVE'),(2,'PCS','Jenis Kilogram','ACTIVE');
/*!40000 ALTER TABLE `hs_item_uom` ENABLE KEYS */;
UNLOCK TABLES;

--
-- Table structure for table `hs_item_uom_log`
--

DROP TABLE IF EXISTS `hs_item_uom_log`;
/*!40101 SET @saved_cs_client     = @@character_set_client */;
/*!50503 SET character_set_client = utf8mb4 */;
CREATE TABLE `hs_item_uom_log` (
  `itul_id` int(10) unsigned NOT NULL AUTO_INCREMENT,
  `ituo_id` int(10) unsigned NOT NULL,
  `action` varchar(20) COLLATE utf8mb4_unicode_ci NOT NULL,
  `user_id` int(10) unsigned NOT NULL,
  `log_date_time` datetime NOT NULL,
  PRIMARY KEY (`itul_id`),
  KEY `hs_item_uom_log_ituo_id_foreign` (`ituo_id`),
  KEY `hs_item_uom_log_user_id_foreign` (`user_id`),
  CONSTRAINT `hs_item_uom_log_ituo_id_foreign` FOREIGN KEY (`ituo_id`) REFERENCES `hs_item_uom` (`ituo_id`),
  CONSTRAINT `hs_item_uom_log_user_id_foreign` FOREIGN KEY (`user_id`) REFERENCES `hs_user` (`user_id`)
) ENGINE=InnoDB AUTO_INCREMENT=7 DEFAULT CHARSET=utf8mb4 COLLATE=utf8mb4_unicode_ci;
/*!40101 SET character_set_client = @saved_cs_client */;

--
-- Dumping data for table `hs_item_uom_log`
--

LOCK TABLES `hs_item_uom_log` WRITE;
/*!40000 ALTER TABLE `hs_item_uom_log` DISABLE KEYS */;
INSERT INTO `hs_item_uom_log` VALUES (1,1,'STORE',1,'2020-09-15 22:25:01'),(2,1,'EDIT',1,'2020-09-15 22:44:54'),(3,1,'EDIT',1,'2020-09-15 22:45:03'),(4,1,'TERMINATE',1,'2020-09-15 22:45:22'),(5,1,'TERMINATE',1,'2020-09-15 23:13:08'),(6,2,'STORE',1,'2020-09-21 21:21:39');
/*!40000 ALTER TABLE `hs_item_uom_log` ENABLE KEYS */;
UNLOCK TABLES;

--
-- Table structure for table `hs_purchase`
--

DROP TABLE IF EXISTS `hs_purchase`;
/*!40101 SET @saved_cs_client     = @@character_set_client */;
/*!50503 SET character_set_client = utf8mb4 */;
CREATE TABLE `hs_purchase` (
  `prch_id` int(10) unsigned NOT NULL AUTO_INCREMENT,
  `splr_id` int(10) unsigned NOT NULL,
  `sub_total` decimal(38,2) NOT NULL,
  `purchase_datetime` datetime NOT NULL,
  `po_no` varchar(20) COLLATE utf8mb4_unicode_ci DEFAULT NULL,
  `status` varchar(10) COLLATE utf8mb4_unicode_ci NOT NULL,
  PRIMARY KEY (`prch_id`),
  UNIQUE KEY `hs_purchase_po_no_unique` (`po_no`),
  KEY `hs_purchase_splr_id_foreign` (`splr_id`),
  CONSTRAINT `hs_purchase_splr_id_foreign` FOREIGN KEY (`splr_id`) REFERENCES `hs_supplier` (`splr_id`)
) ENGINE=InnoDB AUTO_INCREMENT=197 DEFAULT CHARSET=utf8mb4 COLLATE=utf8mb4_unicode_ci;
/*!40101 SET character_set_client = @saved_cs_client */;

--
-- Dumping data for table `hs_purchase`
--

LOCK TABLES `hs_purchase` WRITE;
/*!40000 ALTER TABLE `hs_purchase` DISABLE KEYS */;
INSERT INTO `hs_purchase` VALUES (25,6,48000.00,'2020-10-20 00:00:00','PO00000001','ACTIVE'),(26,5,4000.00,'2020-10-23 00:00:00',NULL,'INACTIVE'),(27,5,10000.00,'2020-10-16 00:00:00','PO00000002','ACTIVE'),(28,6,10000.00,'2020-10-25 00:00:00','PO00000003','ACTIVE'),(29,5,58000.00,'2020-10-29 00:00:00','PO00000004','ACTIVE'),(30,5,40000.00,'2020-10-15 00:00:00','PO00000005','ACTIVE'),(31,7,50000000.00,'2022-02-23 00:00:00',NULL,'INACTIVE'),(32,7,40000000.00,'2022-02-23 00:00:00','PO00000006','ACTIVE'),(33,5,10000000.00,'2022-02-24 00:00:00','PO00000007','ACTIVE'),(34,5,10500000.00,'2022-02-24 00:00:00','PO00000008','ACTIVE'),(35,8,500000.00,'2021-03-01 00:00:00','PO00000009','ACTIVE'),(36,5,20000.00,'2021-03-02 00:00:00','PO00000010','ACTIVE'),(37,5,15000.00,'2021-03-03 00:00:00','PO00000011','ACTIVE'),(38,5,60000.00,'2021-03-04 00:00:00','PO00000012','ACTIVE'),(39,8,200000.00,'2021-03-05 00:00:00','PO00000013','ACTIVE'),(40,10,1000000.00,'2021-03-06 00:00:00','PO00000014','ACTIVE'),(41,9,350000.00,'2021-03-07 00:00:00','PO00000015','ACTIVE'),(42,8,100000.00,'2021-03-20 00:00:00','PO00000016','ACTIVE'),(43,5,2000.00,'2021-03-21 00:00:00','PO00000017','ACTIVE'),(44,8,10000.00,'2021-03-22 00:00:00','PO00000018','ACTIVE'),(45,5,4000.00,'2021-03-23 00:00:00','PO00000019','ACTIVE'),(46,5,15000.00,'2021-03-24 00:00:00','PO00000020','ACTIVE'),(47,5,10000.00,'2021-03-25 00:00:00','PO00000021','ACTIVE'),(48,5,10000.00,'2021-03-26 00:00:00','PO00000022','ACTIVE'),(49,5,4000.00,'2021-03-27 00:00:00','PO00000023','ACTIVE'),(50,5,10000.00,'2021-04-01 00:00:00','PO00000024','ACTIVE'),(51,9,3888500.00,'2021-04-02 00:00:00','PO00000025','ACTIVE'),(52,5,10000.00,'2021-04-03 00:00:00','PO00000026','ACTIVE'),(53,5,10000.00,'2021-04-04 00:00:00','PO00000027','ACTIVE'),(54,5,4000.00,'2021-04-05 00:00:00','PO00000028','ACTIVE'),(55,5,4000.00,'2021-04-06 00:00:00','PO00000029','ACTIVE'),(56,10,20000.00,'2021-04-07 00:00:00','PO00000030','ACTIVE'),(57,10,220000.00,'2021-04-15 00:00:00','PO00000031','ACTIVE'),(58,5,4000.00,'2021-04-16 00:00:00','PO00000032','ACTIVE'),(59,5,4000.00,'2021-04-17 00:00:00','PO00000033','ACTIVE'),(60,12,34000.00,'2021-04-18 00:00:00','PO00000034','ACTIVE'),(61,10,24000.00,'2021-04-19 00:00:00','PO00000035','ACTIVE'),(62,10,24000.00,'2021-04-20 00:00:00','PO00000036','ACTIVE'),(63,9,10500.00,'2021-04-21 00:00:00','PO00000038','ACTIVE'),(64,10,30000.00,'2021-04-22 00:00:00','PO00000039','ACTIVE'),(65,5,6000.00,'2021-05-01 00:00:00','PO00000040','ACTIVE'),(66,5,10000.00,'2021-05-02 00:00:00','PO00000041','ACTIVE'),(67,9,7000.00,'2021-05-03 00:00:00','PO00000042','ACTIVE'),(68,5,6000.00,'2021-05-04 00:00:00','PO00000043','ACTIVE'),(69,10,100000.00,'2021-05-05 00:00:00','PO00000044','ACTIVE'),(70,9,35000.00,'2021-05-06 00:00:00','PO00000045','ACTIVE'),(71,10,100000.00,'2021-05-07 00:00:00','PO00000046','ACTIVE'),(72,10,100000.00,'2021-05-13 00:00:00','PO00000047','ACTIVE'),(73,9,35000.00,'2021-05-14 00:00:00','PO00000048','ACTIVE'),(74,9,35000.00,'2021-05-15 00:00:00','PO00000049','ACTIVE'),(75,9,35000.00,'2021-05-16 00:00:00','PO00000050','ACTIVE'),(76,9,35000.00,'2021-05-17 00:00:00','PO00000051','ACTIVE'),(77,5,50000.00,'2021-05-18 00:00:00','PO00000052','ACTIVE'),(78,5,20000.00,'2021-05-19 00:00:00','PO00000053','ACTIVE'),(79,5,20000.00,'2021-05-20 00:00:00','PO00000054','ACTIVE'),(80,10,80000.00,'2021-05-23 00:00:00','PO00000055','ACTIVE'),(81,10,100000.00,'2021-05-24 00:00:00','PO00000056','ACTIVE'),(82,5,20000.00,'2021-05-25 00:00:00','PO00000057','ACTIVE'),(83,8,10000.00,'2021-05-26 00:00:00','PO00000058','ACTIVE'),(84,10,100000.00,'2021-05-27 00:00:00','PO00000059','ACTIVE'),(85,10,100000.00,'2021-05-28 00:00:00','PO00000060','ACTIVE'),(86,10,100000.00,'2021-05-29 00:00:00','PO00000061','ACTIVE'),(87,5,50000.00,'2021-05-30 00:00:00','PO00000062','ACTIVE'),(88,10,100000.00,'2021-06-02 00:00:00','PO00000063','ACTIVE'),(89,9,35000.00,'2021-06-03 00:00:00','PO00000064','ACTIVE'),(90,10,100000.00,'2021-06-04 00:00:00','PO00000065','ACTIVE'),(91,5,20000.00,'2021-06-05 00:00:00','PO00000066','ACTIVE'),(92,9,35000.00,'2021-06-06 00:00:00','PO00000067','ACTIVE'),(93,9,35000.00,'2021-06-07 00:00:00','PO00000068','ACTIVE'),(94,9,35000.00,'2021-06-08 00:00:00','PO00000069','ACTIVE'),(95,5,50000.00,'2021-06-13 00:00:00','PO00000070','ACTIVE'),(96,10,100000.00,'2021-06-14 00:00:00','PO00000071','ACTIVE'),(97,8,10000.00,'2021-06-15 00:00:00','PO00000072','ACTIVE'),(98,5,20000.00,'2021-06-16 00:00:00','PO00000073','ACTIVE'),(99,9,35000.00,'2021-06-17 00:00:00','PO00000074','ACTIVE'),(100,5,50000.00,'2021-06-18 00:00:00','PO00000075','ACTIVE'),(101,5,20000.00,'2021-06-19 00:00:00','PO00000076','ACTIVE'),(102,8,10000.00,'2021-06-20 00:00:00','PO00000077','ACTIVE'),(103,10,80000.00,'2021-07-10 00:00:00','PO00000078','ACTIVE'),(104,10,80000.00,'2021-07-11 00:00:00','PO00000079','ACTIVE'),(105,10,100000.00,'2021-07-12 00:00:00','PO00000080','ACTIVE'),(106,9,35000.00,'2021-07-13 00:00:00','PO00000081','ACTIVE'),(107,10,80000.00,'2021-07-14 00:00:00','PO00000082','ACTIVE'),(108,9,35000.00,'2021-07-15 00:00:00','PO00000083','ACTIVE'),(109,5,20000.00,'2021-07-16 00:00:00','PO00000084','ACTIVE'),(110,10,80000.00,'2021-07-17 00:00:00','PO00000085','ACTIVE'),(111,5,20000.00,'2021-07-20 00:00:00','PO00000086','ACTIVE'),(112,9,35000.00,'2021-07-21 00:00:00','PO00000087','ACTIVE'),(113,10,100000.00,'2021-07-22 00:00:00','PO00000088','ACTIVE'),(114,9,35000.00,'2021-07-23 00:00:00','PO00000089','ACTIVE'),(115,10,100000.00,'2021-07-24 00:00:00','PO00000090','ACTIVE'),(116,10,100000.00,'2021-07-25 00:00:00','PO00000091','ACTIVE'),(117,8,10000.00,'2021-07-26 00:00:00','PO00000092','ACTIVE'),(118,8,10000.00,'2021-07-27 00:00:00','PO00000093','ACTIVE'),(119,8,10000.00,'2021-08-01 00:00:00','PO00000094','ACTIVE'),(120,5,50000.00,'2021-08-02 00:00:00','PO00000095','ACTIVE'),(121,8,10000.00,'2021-08-03 00:00:00','PO00000096','ACTIVE'),(122,10,100000.00,'2021-08-04 00:00:00','PO00000097','ACTIVE'),(123,8,10000.00,'2021-08-05 00:00:00','PO00000098','ACTIVE'),(124,9,35000.00,'2021-08-06 00:00:00','PO00000099','ACTIVE'),(125,5,20000.00,'2021-08-07 00:00:00','PO00000100','ACTIVE'),(126,8,10000.00,'2021-08-10 00:00:00','PO00000101','ACTIVE'),(127,9,35000.00,'2021-08-11 00:00:00','PO00000102','ACTIVE'),(128,9,35000.00,'2021-08-12 00:00:00','PO00000103','ACTIVE'),(129,9,35000.00,'2021-08-13 00:00:00','PO00000104','ACTIVE'),(130,9,35000.00,'2021-08-14 00:00:00','PO00000105','ACTIVE'),(131,10,100000.00,'2021-08-15 00:00:00','PO00000106','ACTIVE'),(132,10,100000.00,'2021-08-16 00:00:00','PO00000107','ACTIVE'),(133,9,35000.00,'2021-08-17 00:00:00','PO00000108','ACTIVE'),(134,9,35000.00,'2021-09-01 00:00:00','PO00000109','ACTIVE'),(135,9,35000.00,'2021-09-02 00:00:00','PO00000110','ACTIVE'),(136,9,35000.00,'2021-09-03 00:00:00','PO00000111','ACTIVE'),(137,10,100000.00,'2021-09-04 00:00:00','PO00000112','ACTIVE'),(138,10,80000.00,'2021-09-05 00:00:00','PO00000113','ACTIVE'),(139,8,10000.00,'2021-09-06 00:00:00','PO00000114','ACTIVE'),(140,10,80000.00,'2021-09-07 00:00:00','PO00000115','ACTIVE'),(141,8,10000.00,'2021-09-10 00:00:00','PO00000116','ACTIVE'),(142,9,35000.00,'2021-09-11 00:00:00','PO00000117','ACTIVE'),(143,8,10000.00,'2021-09-12 00:00:00','PO00000142','ACTIVE'),(144,10,100000.00,'2021-09-13 00:00:00','PO00000128','ACTIVE'),(145,8,10000.00,'2021-09-14 00:00:00','PO00000122','ACTIVE'),(146,9,35000.00,'2021-09-15 00:00:00','PO00000140','ACTIVE'),(147,8,10000.00,'2021-09-16 00:00:00','PO00000127','ACTIVE'),(148,8,10000.00,'2021-09-17 00:00:00','PO00000133','ACTIVE'),(149,9,35000.00,'2021-10-01 00:00:00','PO00000120','ACTIVE'),(150,9,35000.00,'2021-10-02 00:00:00','PO00000125','ACTIVE'),(151,9,35000.00,'2021-10-03 00:00:00','PO00000131','ACTIVE'),(152,8,10000.00,'2021-10-04 00:00:00','PO00000136','ACTIVE'),(153,10,100000.00,'2021-10-05 00:00:00','PO00000134','ACTIVE'),(154,10,100000.00,'2021-10-06 00:00:00','PO00000137','ACTIVE'),(155,8,10000.00,'2021-10-07 00:00:00','PO00000139','ACTIVE'),(156,10,100000.00,'2021-11-01 00:00:00','PO00000141','ACTIVE'),(157,8,10000.00,'2021-11-02 00:00:00','PO00000119','ACTIVE'),(158,10,80000.00,'2021-11-03 00:00:00','PO00000121','ACTIVE'),(159,9,35000.00,'2021-11-04 00:00:00','PO00000135','ACTIVE'),(160,9,35000.00,'2021-11-05 00:00:00','PO00000138','ACTIVE'),(161,8,10000.00,'2021-11-06 00:00:00','PO00000124','ACTIVE'),(162,10,80000.00,'2021-11-07 00:00:00','PO00000126','ACTIVE'),(163,8,10000.00,'2022-01-01 00:00:00','PO00000130','ACTIVE'),(164,9,35000.00,'2022-01-02 00:00:00','PO00000118','ACTIVE'),(165,9,35000.00,'2022-01-03 00:00:00','PO00000123','ACTIVE'),(166,9,35000.00,'2022-01-04 00:00:00','PO00000129','ACTIVE'),(167,10,80000.00,'2022-01-05 00:00:00','PO00000132','ACTIVE'),(168,5,20000.00,'2022-01-06 00:00:00','PO00000157','ACTIVE'),(169,9,35000.00,'2022-01-07 00:00:00','PO00000156','ACTIVE'),(170,9,35000.00,'2022-02-01 00:00:00','PO00000162','ACTIVE'),(171,8,10000.00,'2022-02-02 00:00:00','PO00000144','ACTIVE'),(172,8,10000.00,'2022-02-03 00:00:00','PO00000149','ACTIVE'),(173,10,80000.00,'2022-02-04 00:00:00','PO00000155','ACTIVE'),(174,8,10000.00,'2022-02-05 00:00:00','PO00000153','ACTIVE'),(175,9,35000.00,'2022-02-06 00:00:00','PO00000168','ACTIVE'),(176,8,10000.00,'2022-02-07 00:00:00','PO00000159','ACTIVE'),(177,9,35000.00,'2022-03-01 00:00:00','PO00000145','ACTIVE'),(178,10,100000.00,'2022-03-02 00:00:00','PO00000161','ACTIVE'),(179,10,100000.00,'2022-03-03 00:00:00','PO00000167','ACTIVE'),(180,9,35000.00,'2022-03-04 00:00:00','PO00000150','ACTIVE'),(181,9,35000.00,'2022-03-05 00:00:00','PO00000154','ACTIVE'),(182,10,80000.00,'2022-03-06 00:00:00','PO00000143','ACTIVE'),(183,8,10000.00,'2022-03-07 00:00:00','PO00000165','ACTIVE'),(184,9,35000.00,'2022-03-07 00:00:00','PO00000160','ACTIVE'),(185,10,100000.00,'2022-03-07 00:00:00','PO00000148','ACTIVE'),(186,10,100000.00,'2022-03-19 00:00:00','PO00000152','ACTIVE'),(187,9,35000.00,'2022-03-26 00:00:00','PO00000166','ACTIVE'),(188,8,10000.00,'2022-03-19 00:00:00','PO00000170','ACTIVE'),(189,8,10000.00,'2022-03-18 00:00:00','PO00000146','ACTIVE'),(190,9,35000.00,'2022-03-19 00:00:00','PO00000171','ACTIVE'),(191,8,10000.00,'2022-03-19 00:00:00','PO00000151','ACTIVE'),(192,10,100000.00,'2022-03-19 00:00:00','PO00000158','ACTIVE'),(193,9,35000.00,'2022-03-19 00:00:00','PO00000147','ACTIVE'),(194,10,100000.00,'2022-03-19 00:00:00','PO00000164','ACTIVE'),(195,10,100000.00,'2022-03-18 00:00:00','PO00000169','ACTIVE'),(196,5,20000.00,'2022-03-19 00:00:00','PO00000163','ACTIVE');
/*!40000 ALTER TABLE `hs_purchase` ENABLE KEYS */;
UNLOCK TABLES;

--
-- Table structure for table `hs_purchase_detail`
--

DROP TABLE IF EXISTS `hs_purchase_detail`;
/*!40101 SET @saved_cs_client     = @@character_set_client */;
/*!50503 SET character_set_client = utf8mb4 */;
CREATE TABLE `hs_purchase_detail` (
  `prdt_id` int(10) unsigned NOT NULL AUTO_INCREMENT,
  `prch_id` int(10) unsigned NOT NULL,
  `itdt_id` int(10) unsigned NOT NULL,
  `quantity` decimal(21,2) NOT NULL,
  `sub_total` decimal(38,2) NOT NULL,
  `price` decimal(38,2) DEFAULT NULL,
  PRIMARY KEY (`prdt_id`),
  KEY `hs_purchase_detail_prch_id_foreign` (`prch_id`),
  KEY `hs_purchase_detail_itdt_id_foreign` (`itdt_id`),
  CONSTRAINT `hs_purchase_detail_itdt_id_foreign` FOREIGN KEY (`itdt_id`) REFERENCES `hs_item_detail` (`itdt_id`),
  CONSTRAINT `hs_purchase_detail_prch_id_foreign` FOREIGN KEY (`prch_id`) REFERENCES `hs_purchase` (`prch_id`)
) ENGINE=InnoDB AUTO_INCREMENT=185 DEFAULT CHARSET=utf8mb4 COLLATE=utf8mb4_unicode_ci;
/*!40101 SET character_set_client = @saved_cs_client */;

--
-- Dumping data for table `hs_purchase_detail`
--

LOCK TABLES `hs_purchase_detail` WRITE;
/*!40000 ALTER TABLE `hs_purchase_detail` DISABLE KEYS */;
INSERT INTO `hs_purchase_detail` VALUES (9,25,3,8.00,40000.00,5000.00),(10,25,4,1.00,8000.00,8000.00),(11,26,5,2.00,4000.00,2000.00),(12,27,5,5.00,10000.00,2000.00),(13,28,3,2.00,10000.00,5000.00),(14,29,5,29.00,58000.00,2000.00),(15,30,5,20000.00,40000.00,2000.00),(16,31,9,5000.00,50000000.00,10000.00),(18,32,9,4000.00,40000.00,10000.00),(19,33,10,100.00,10000000.00,100000.00),(20,34,10,100.00,10000000.00,100000.00),(21,34,6,100.00,500000.00,5000.00),(22,35,11,200.00,200000.00,1000.00),(23,35,12,300.00,300000.00,1000.00),(24,36,25,1.00,20000.00,20000.00),(25,37,6,3.00,15000.00,5000.00),(26,38,25,3.00,60000.00,20000.00),(27,39,11,200.00,200000.00,1000.00),(28,40,19,100.00,1000000.00,10000.00),(29,41,15,100.00,350000.00,3500.00),(30,42,11,100.00,100000.00,1000.00),(31,43,5,1.00,2000.00,2000.00),(32,44,11,10.00,10000.00,1000.00),(33,45,5,2.00,4000.00,2000.00),(34,46,6,3.00,15000.00,5000.00),(35,47,6,2.00,10000.00,5000.00),(36,48,6,2.00,10000.00,5000.00),(37,49,5,2.00,4000.00,2000.00),(38,50,6,2.00,10000.00,5000.00),(39,51,15,1111.00,3888500.00,3500.00),(40,52,6,2.00,10000.00,5000.00),(41,53,6,2.00,10000.00,5000.00),(42,54,5,2.00,4000.00,2000.00),(43,55,5,2.00,4000.00,2000.00),(44,56,19,2.00,20000.00,10000.00),(45,57,19,22.00,220000.00,10000.00),(46,58,5,2.00,4000.00,2000.00),(47,59,5,2.00,4000.00,2000.00),(48,60,24,2.00,34000.00,17000.00),(49,61,20,3.00,24000.00,8000.00),(50,62,20,3.00,24000.00,8000.00),(51,63,15,3.00,10500.00,3500.00),(52,64,19,3.00,30000.00,10000.00),(53,65,5,3.00,6000.00,2000.00),(54,66,6,2.00,10000.00,5000.00),(55,67,15,2.00,7000.00,3500.00),(56,68,5,3.00,6000.00,2000.00),(57,69,19,10.00,100000.00,10000.00),(58,70,15,10.00,35000.00,3500.00),(59,71,19,10.00,100000.00,10000.00),(60,72,19,10.00,100000.00,10000.00),(61,73,15,10.00,35000.00,3500.00),(62,74,15,10.00,35000.00,3500.00),(63,75,15,10.00,35000.00,3500.00),(64,76,15,10.00,35000.00,3500.00),(65,77,6,10.00,50000.00,5000.00),(66,78,5,10.00,20000.00,2000.00),(67,79,5,10.00,20000.00,2000.00),(68,80,20,10.00,80000.00,8000.00),(69,81,19,10.00,100000.00,10000.00),(70,82,5,10.00,20000.00,2000.00),(71,83,11,10.00,10000.00,1000.00),(72,84,19,10.00,100000.00,10000.00),(73,85,19,10.00,100000.00,10000.00),(74,86,19,10.00,100000.00,10000.00),(75,87,6,10.00,50000.00,5000.00),(76,88,19,10.00,100000.00,10000.00),(77,89,15,10.00,35000.00,3500.00),(78,90,19,10.00,100000.00,10000.00),(79,91,5,10.00,20000.00,2000.00),(80,92,15,10.00,35000.00,3500.00),(81,93,15,10.00,35000.00,3500.00),(82,94,15,10.00,35000.00,3500.00),(83,95,6,10.00,50000.00,5000.00),(84,96,19,10.00,100000.00,10000.00),(85,97,11,10.00,10000.00,1000.00),(86,98,5,10.00,20000.00,2000.00),(87,99,15,10.00,35000.00,3500.00),(88,100,6,10.00,50000.00,5000.00),(89,101,5,10.00,20000.00,2000.00),(90,102,12,10.00,10000.00,1000.00),(91,103,20,10.00,80000.00,8000.00),(92,104,20,10.00,80000.00,8000.00),(93,105,19,10.00,100000.00,10000.00),(94,106,15,10.00,35000.00,3500.00),(95,107,20,10.00,80000.00,8000.00),(96,108,15,10.00,35000.00,3500.00),(97,109,5,10.00,20000.00,2000.00),(98,110,20,10.00,80000.00,8000.00),(99,111,5,10.00,20000.00,2000.00),(100,112,15,10.00,35000.00,3500.00),(101,113,19,10.00,100000.00,10000.00),(102,114,15,10.00,35000.00,3500.00),(103,115,19,10.00,100000.00,10000.00),(104,116,19,10.00,100000.00,10000.00),(105,117,11,10.00,10000.00,1000.00),(106,118,11,10.00,10000.00,1000.00),(107,119,11,10.00,10000.00,1000.00),(108,120,6,10.00,50000.00,5000.00),(109,121,12,10.00,10000.00,1000.00),(110,122,19,10.00,100000.00,10000.00),(111,123,11,10.00,10000.00,1000.00),(112,124,15,10.00,35000.00,3500.00),(113,125,5,10.00,20000.00,2000.00),(114,126,11,10.00,10000.00,1000.00),(115,127,16,10.00,35000.00,3500.00),(116,128,15,10.00,35000.00,3500.00),(117,129,15,10.00,35000.00,3500.00),(118,130,15,10.00,35000.00,3500.00),(119,131,19,10.00,100000.00,10000.00),(120,132,19,10.00,100000.00,10000.00),(121,133,15,10.00,35000.00,3500.00),(122,134,16,10.00,35000.00,3500.00),(123,135,15,10.00,35000.00,3500.00),(124,136,15,10.00,35000.00,3500.00),(125,137,19,10.00,100000.00,10000.00),(126,138,20,10.00,80000.00,8000.00),(127,139,12,10.00,10000.00,1000.00),(128,140,20,10.00,80000.00,8000.00),(129,141,11,10.00,10000.00,1000.00),(130,142,15,10.00,35000.00,3500.00),(131,143,11,10.00,10000.00,1000.00),(132,144,19,10.00,100000.00,10000.00),(133,145,11,10.00,10000.00,1000.00),(134,146,15,10.00,35000.00,3500.00),(135,147,11,10.00,10000.00,1000.00),(136,148,12,10.00,10000.00,1000.00),(137,149,15,10.00,35000.00,3500.00),(138,150,15,10.00,35000.00,3500.00),(139,151,16,10.00,35000.00,3500.00),(140,152,11,10.00,10000.00,1000.00),(141,153,19,10.00,100000.00,10000.00),(142,154,19,10.00,100000.00,10000.00),(143,155,12,10.00,10000.00,1000.00),(144,156,19,10.00,100000.00,10000.00),(145,157,11,10.00,10000.00,1000.00),(146,158,20,10.00,80000.00,8000.00),(147,159,15,10.00,35000.00,3500.00),(148,160,15,10.00,35000.00,3500.00),(149,161,12,10.00,10000.00,1000.00),(150,162,20,10.00,80000.00,8000.00),(151,163,11,10.00,10000.00,1000.00),(152,164,15,10.00,35000.00,3500.00),(153,165,16,10.00,35000.00,3500.00),(154,166,15,10.00,35000.00,3500.00),(155,167,20,10.00,80000.00,8000.00),(156,168,5,10.00,20000.00,2000.00),(157,169,16,10.00,35000.00,3500.00),(158,170,15,10.00,35000.00,3500.00),(159,171,11,10.00,10000.00,1000.00),(160,172,11,10.00,10000.00,1000.00),(161,173,20,10.00,80000.00,8000.00),(162,174,11,10.00,10000.00,1000.00),(163,175,15,10.00,35000.00,3500.00),(164,176,11,10.00,10000.00,1000.00),(165,177,15,10.00,35000.00,3500.00),(166,178,19,10.00,100000.00,10000.00),(167,179,19,10.00,100000.00,10000.00),(168,180,15,10.00,35000.00,3500.00),(169,181,16,10.00,35000.00,3500.00),(170,182,20,10.00,80000.00,8000.00),(171,183,11,10.00,10000.00,1000.00),(172,184,15,10.00,35000.00,3500.00),(173,185,19,10.00,100000.00,10000.00),(174,186,19,10.00,100000.00,10000.00),(175,187,15,10.00,35000.00,3500.00),(176,188,12,10.00,10000.00,1000.00),(177,189,11,10.00,10000.00,1000.00),(178,190,16,10.00,35000.00,3500.00),(179,191,12,10.00,10000.00,1000.00),(180,192,19,10.00,100000.00,10000.00),(181,193,16,10.00,35000.00,3500.00),(182,194,19,10.00,100000.00,10000.00),(183,195,19,10.00,100000.00,10000.00),(184,196,5,10.00,20000.00,2000.00);
/*!40000 ALTER TABLE `hs_purchase_detail` ENABLE KEYS */;
UNLOCK TABLES;

--
-- Table structure for table `hs_purchase_log`
--

DROP TABLE IF EXISTS `hs_purchase_log`;
/*!40101 SET @saved_cs_client     = @@character_set_client */;
/*!50503 SET character_set_client = utf8mb4 */;
CREATE TABLE `hs_purchase_log` (
  `prlg_id` int(10) unsigned NOT NULL AUTO_INCREMENT,
  `prch_id` int(10) unsigned NOT NULL,
  `action` varchar(20) COLLATE utf8mb4_unicode_ci NOT NULL,
  `user_id` int(10) unsigned NOT NULL,
  `log_date_time` datetime NOT NULL,
  PRIMARY KEY (`prlg_id`),
  KEY `hs_purchase_log_prch_id_foreign` (`prch_id`),
  KEY `hs_purchase_log_user_id_foreign` (`user_id`),
  CONSTRAINT `hs_purchase_log_prch_id_foreign` FOREIGN KEY (`prch_id`) REFERENCES `hs_purchase` (`prch_id`),
  CONSTRAINT `hs_purchase_log_user_id_foreign` FOREIGN KEY (`user_id`) REFERENCES `hs_user` (`user_id`)
) ENGINE=InnoDB AUTO_INCREMENT=369 DEFAULT CHARSET=utf8mb4 COLLATE=utf8mb4_unicode_ci;
/*!40101 SET character_set_client = @saved_cs_client */;

--
-- Dumping data for table `hs_purchase_log`
--

LOCK TABLES `hs_purchase_log` WRITE;
/*!40000 ALTER TABLE `hs_purchase_log` DISABLE KEYS */;
INSERT INTO `hs_purchase_log` VALUES (1,25,'STORE',1,'2020-10-20 22:17:28'),(2,25,'EDIT',1,'2020-10-23 18:10:33'),(3,25,'EDIT',1,'2020-10-23 18:11:43'),(19,25,'EDIT',1,'2020-10-23 19:41:12'),(20,26,'STORE',1,'2020-10-23 19:41:51'),(21,26,'TERMINATE',1,'2020-10-23 19:45:19'),(22,27,'STORE',1,'2020-10-23 19:46:55'),(23,27,'EDIT',1,'2020-10-23 19:47:03'),(24,28,'STORE',1,'2020-10-25 14:53:16'),(25,28,'EDIT',1,'2020-10-25 14:53:25'),(26,29,'STORE',1,'2020-10-29 15:01:27'),(27,29,'EDIT',1,'2020-10-29 15:02:02'),(28,30,'STORE',1,'2020-10-29 15:03:17'),(34,30,'EDIT',1,'2020-10-29 15:08:25'),(35,31,'STORE',1,'2022-02-23 22:24:38'),(36,31,'TERMINATE',1,'2022-02-23 22:24:50'),(37,32,'STORE',1,'2022-02-23 22:25:01'),(38,32,'EDIT',1,'2022-02-23 22:25:17'),(39,32,'EDIT',1,'2022-02-23 22:25:23'),(40,33,'STORE',5,'2022-02-24 13:30:31'),(41,33,'EDIT',5,'2022-02-24 13:31:26'),(42,34,'STORE',5,'2022-02-24 13:36:51'),(43,34,'EDIT',5,'2022-02-24 13:37:04'),(44,35,'STORE',5,'2021-03-01 20:23:27'),(45,35,'EDIT',5,'2021-03-01 20:23:42'),(46,36,'STORE',5,'2022-03-18 22:08:02'),(47,37,'STORE',5,'2022-03-18 22:08:15'),(48,38,'STORE',5,'2022-03-18 22:08:34'),(49,39,'STORE',5,'2022-03-18 22:09:14'),(50,40,'STORE',5,'2022-03-18 22:09:41'),(51,36,'EDIT',5,'2022-03-18 22:09:52'),(52,37,'EDIT',5,'2022-03-18 22:09:56'),(53,38,'EDIT',5,'2022-03-18 22:10:01'),(54,39,'EDIT',5,'2022-03-18 22:10:05'),(55,40,'EDIT',5,'2022-03-18 22:10:10'),(56,41,'STORE',5,'2022-03-18 22:11:31'),(57,42,'STORE',5,'2022-03-18 22:11:48'),(58,41,'EDIT',5,'2022-03-18 22:11:55'),(59,42,'EDIT',5,'2022-03-18 22:11:59'),(60,43,'STORE',5,'2022-03-18 22:14:14'),(61,44,'STORE',5,'2022-03-18 22:14:29'),(62,45,'STORE',5,'2022-03-18 22:14:37'),(63,46,'STORE',5,'2022-03-18 22:14:48'),(64,47,'STORE',5,'2022-03-18 22:14:58'),(65,48,'STORE',5,'2022-03-18 22:15:14'),(66,49,'STORE',5,'2022-03-18 22:15:22'),(67,43,'EDIT',5,'2022-03-18 22:15:29'),(68,44,'EDIT',5,'2022-03-18 22:15:33'),(69,45,'EDIT',5,'2022-03-18 22:15:38'),(70,46,'EDIT',5,'2022-03-18 22:15:42'),(71,47,'EDIT',5,'2022-03-18 22:15:46'),(72,48,'EDIT',5,'2022-03-18 22:15:51'),(73,49,'EDIT',5,'2022-03-18 22:15:55'),(74,50,'STORE',5,'2022-03-18 22:17:07'),(75,51,'STORE',5,'2022-03-18 22:17:19'),(76,52,'STORE',5,'2022-03-18 22:17:29'),(77,53,'STORE',5,'2022-03-18 22:17:43'),(78,54,'STORE',5,'2022-03-18 22:17:52'),(79,55,'STORE',5,'2022-03-18 22:18:01'),(80,56,'STORE',5,'2022-03-18 22:18:13'),(81,57,'STORE',5,'2022-03-18 22:18:32'),(82,58,'STORE',5,'2022-03-18 22:18:40'),(83,59,'STORE',5,'2022-03-18 22:18:49'),(84,60,'STORE',5,'2022-03-18 22:18:59'),(85,61,'STORE',5,'2022-03-18 22:19:08'),(86,62,'STORE',5,'2022-03-18 22:19:16'),(87,63,'STORE',5,'2022-03-18 22:19:30'),(88,64,'STORE',5,'2022-03-18 22:19:46'),(89,65,'STORE',5,'2022-03-18 22:19:54'),(90,66,'STORE',5,'2022-03-18 22:20:06'),(91,67,'STORE',5,'2022-03-18 22:20:18'),(92,68,'STORE',5,'2022-03-18 22:20:27'),(93,69,'STORE',5,'2022-03-18 22:20:41'),(94,70,'STORE',5,'2022-03-18 22:20:52'),(95,71,'STORE',5,'2022-03-18 22:21:04'),(96,72,'STORE',5,'2022-03-18 22:21:16'),(97,73,'STORE',5,'2022-03-18 22:21:27'),(98,74,'STORE',5,'2022-03-18 22:21:46'),(99,75,'STORE',5,'2022-03-18 22:22:06'),(100,76,'STORE',5,'2022-03-18 22:22:19'),(101,77,'STORE',5,'2022-03-18 22:22:31'),(102,78,'STORE',5,'2022-03-18 22:22:41'),(103,79,'STORE',5,'2022-03-18 22:22:49'),(104,80,'STORE',5,'2022-03-18 22:22:59'),(105,81,'STORE',5,'2022-03-18 22:23:08'),(106,82,'STORE',5,'2022-03-18 22:23:16'),(107,83,'STORE',5,'2022-03-18 22:23:26'),(108,84,'STORE',5,'2022-03-18 22:23:37'),(109,85,'STORE',5,'2022-03-18 22:23:47'),(110,86,'STORE',5,'2022-03-18 22:24:06'),(111,87,'STORE',5,'2022-03-18 22:24:33'),(112,88,'STORE',5,'2022-03-18 22:24:43'),(113,89,'STORE',5,'2022-03-18 22:25:00'),(114,90,'STORE',5,'2022-03-18 22:25:12'),(115,91,'STORE',5,'2022-03-18 22:25:20'),(116,92,'STORE',5,'2022-03-18 22:25:29'),(117,93,'STORE',5,'2022-03-18 22:25:47'),(118,94,'STORE',5,'2022-03-18 22:25:56'),(119,95,'STORE',5,'2022-03-18 22:26:06'),(120,96,'STORE',5,'2022-03-18 22:26:17'),(121,97,'STORE',5,'2022-03-18 22:26:27'),(122,98,'STORE',5,'2022-03-18 22:26:35'),(123,99,'STORE',5,'2022-03-18 22:26:46'),(124,100,'STORE',5,'2022-03-18 22:26:55'),(125,50,'EDIT',5,'2022-03-18 22:27:37'),(126,51,'EDIT',5,'2022-03-18 22:27:41'),(127,52,'EDIT',5,'2022-03-18 22:27:45'),(128,53,'EDIT',5,'2022-03-18 22:27:49'),(129,54,'EDIT',5,'2022-03-18 22:27:53'),(130,55,'EDIT',5,'2022-03-18 22:27:58'),(131,56,'EDIT',5,'2022-03-18 22:28:02'),(132,57,'EDIT',5,'2022-03-18 22:28:07'),(133,58,'EDIT',5,'2022-03-18 22:28:11'),(134,59,'EDIT',5,'2022-03-18 22:28:15'),(135,60,'EDIT',5,'2022-03-18 22:28:20'),(136,61,'EDIT',5,'2022-03-18 22:28:24'),(137,62,'EDIT',5,'2022-03-18 22:28:29'),(138,63,'EDIT',5,'2022-03-18 22:28:44'),(139,63,'EDIT',5,'2022-03-18 22:28:46'),(140,64,'EDIT',5,'2022-03-18 22:28:57'),(141,65,'EDIT',5,'2022-03-18 22:29:02'),(142,66,'EDIT',5,'2022-03-18 22:29:07'),(143,67,'EDIT',5,'2022-03-18 22:29:12'),(144,68,'EDIT',5,'2022-03-18 22:29:16'),(145,69,'EDIT',5,'2022-03-18 22:29:21'),(146,70,'EDIT',5,'2022-03-18 22:29:27'),(147,71,'EDIT',5,'2022-03-18 22:29:32'),(148,72,'EDIT',5,'2022-03-18 22:29:37'),(149,73,'EDIT',5,'2022-03-18 22:29:42'),(150,74,'EDIT',5,'2022-03-18 22:29:48'),(151,75,'EDIT',5,'2022-03-18 22:29:54'),(152,76,'EDIT',5,'2022-03-18 22:29:58'),(153,77,'EDIT',5,'2022-03-18 22:30:03'),(154,78,'EDIT',5,'2022-03-18 22:30:08'),(155,79,'EDIT',5,'2022-03-18 22:30:13'),(156,80,'EDIT',5,'2022-03-18 22:30:18'),(157,81,'EDIT',5,'2022-03-18 22:30:23'),(158,82,'EDIT',5,'2022-03-18 22:30:28'),(159,83,'EDIT',5,'2022-03-18 22:30:34'),(160,84,'EDIT',5,'2022-03-18 22:30:40'),(161,85,'EDIT',5,'2022-03-18 22:30:45'),(162,86,'EDIT',5,'2022-03-18 22:30:50'),(163,87,'EDIT',5,'2022-03-18 22:30:55'),(164,88,'EDIT',5,'2022-03-18 22:31:01'),(165,89,'EDIT',5,'2022-03-18 22:31:06'),(166,90,'EDIT',5,'2022-03-18 22:31:15'),(167,91,'EDIT',5,'2022-03-18 22:31:22'),(168,92,'EDIT',5,'2022-03-18 22:31:29'),(169,93,'EDIT',5,'2022-03-18 22:31:34'),(170,94,'EDIT',5,'2022-03-18 22:31:39'),(171,95,'EDIT',5,'2022-03-18 22:31:44'),(172,96,'EDIT',5,'2022-03-18 22:31:50'),(173,97,'EDIT',5,'2022-03-18 22:32:06'),(174,98,'EDIT',5,'2022-03-18 22:32:15'),(175,99,'EDIT',5,'2022-03-18 22:32:23'),(176,100,'EDIT',5,'2022-03-18 22:32:27'),(177,101,'STORE',5,'2022-03-18 22:40:27'),(178,102,'STORE',5,'2022-03-18 22:40:36'),(179,103,'STORE',5,'2022-03-18 22:40:45'),(180,104,'STORE',5,'2022-03-18 22:40:59'),(181,105,'STORE',5,'2022-03-18 22:41:09'),(182,106,'STORE',5,'2022-03-18 22:41:17'),(183,107,'STORE',5,'2022-03-18 22:41:25'),(184,108,'STORE',5,'2022-03-18 22:41:34'),(185,109,'STORE',5,'2022-03-18 22:41:44'),(186,110,'STORE',5,'2022-03-18 22:41:56'),(187,111,'STORE',5,'2022-03-18 22:42:04'),(188,112,'STORE',5,'2022-03-18 22:42:14'),(189,113,'STORE',5,'2022-03-18 22:42:23'),(190,114,'STORE',5,'2022-03-18 22:42:47'),(191,115,'STORE',5,'2022-03-18 22:43:33'),(192,116,'STORE',5,'2022-03-18 22:43:45'),(193,117,'STORE',5,'2022-03-18 22:44:01'),(194,118,'STORE',5,'2022-03-18 22:44:34'),(195,119,'STORE',5,'2022-03-18 22:44:46'),(196,120,'STORE',5,'2022-03-18 22:44:54'),(197,121,'STORE',5,'2022-03-18 22:45:03'),(198,122,'STORE',5,'2022-03-18 22:45:14'),(199,123,'STORE',5,'2022-03-18 22:45:26'),(200,101,'EDIT',5,'2022-03-18 22:45:46'),(201,102,'EDIT',5,'2022-03-18 22:45:51'),(202,103,'EDIT',5,'2022-03-18 22:45:56'),(203,104,'EDIT',5,'2022-03-18 22:46:04'),(204,105,'EDIT',5,'2022-03-18 22:46:10'),(205,106,'EDIT',5,'2022-03-18 22:46:14'),(206,107,'EDIT',5,'2022-03-18 22:46:20'),(207,108,'EDIT',5,'2022-03-18 22:46:27'),(208,109,'EDIT',5,'2022-03-18 22:46:33'),(209,110,'EDIT',5,'2022-03-18 22:46:39'),(210,111,'EDIT',5,'2022-03-18 22:46:43'),(211,112,'EDIT',5,'2022-03-18 22:46:48'),(212,113,'EDIT',5,'2022-03-18 22:46:54'),(213,114,'EDIT',5,'2022-03-18 22:46:59'),(214,115,'EDIT',5,'2022-03-18 22:47:04'),(215,116,'EDIT',5,'2022-03-18 22:47:09'),(216,117,'EDIT',5,'2022-03-18 22:47:15'),(217,118,'EDIT',5,'2022-03-18 22:47:19'),(218,119,'EDIT',5,'2022-03-18 22:47:24'),(219,120,'EDIT',5,'2022-03-18 22:47:30'),(220,121,'EDIT',5,'2022-03-18 22:47:34'),(221,122,'EDIT',5,'2022-03-18 22:47:39'),(222,123,'EDIT',5,'2022-03-18 22:47:44'),(223,124,'STORE',5,'2022-03-18 22:52:59'),(224,125,'STORE',5,'2022-03-18 22:53:10'),(225,126,'STORE',5,'2022-03-18 22:53:23'),(226,127,'STORE',5,'2022-03-18 22:53:34'),(227,128,'STORE',5,'2022-03-18 22:53:46'),(228,129,'STORE',5,'2022-03-18 22:54:09'),(229,130,'STORE',5,'2022-03-18 22:54:21'),(230,131,'STORE',5,'2022-03-18 22:54:34'),(231,132,'STORE',5,'2022-03-18 22:54:47'),(232,133,'STORE',5,'2022-03-18 22:54:58'),(233,134,'STORE',5,'2022-03-18 22:55:07'),(234,135,'STORE',5,'2022-03-18 22:55:18'),(235,136,'STORE',5,'2022-03-18 22:55:28'),(236,137,'STORE',5,'2022-03-18 22:55:52'),(237,138,'STORE',5,'2022-03-18 22:56:07'),(238,139,'STORE',5,'2022-03-18 22:56:22'),(239,140,'STORE',5,'2022-03-18 22:56:34'),(240,141,'STORE',5,'2022-03-18 22:56:43'),(241,142,'STORE',5,'2022-03-18 22:56:52'),(242,124,'EDIT',5,'2022-03-18 22:56:59'),(243,125,'EDIT',5,'2022-03-18 22:57:13'),(244,126,'EDIT',5,'2022-03-18 22:57:19'),(245,127,'EDIT',5,'2022-03-18 22:57:38'),(246,128,'EDIT',5,'2022-03-18 22:57:48'),(247,129,'EDIT',5,'2022-03-18 22:57:54'),(248,130,'EDIT',5,'2022-03-18 22:58:03'),(249,131,'EDIT',5,'2022-03-18 22:58:08'),(250,132,'EDIT',5,'2022-03-18 22:58:13'),(251,133,'EDIT',5,'2022-03-18 22:58:18'),(252,134,'EDIT',5,'2022-03-18 22:58:23'),(253,135,'EDIT',5,'2022-03-18 22:58:28'),(254,136,'EDIT',5,'2022-03-18 22:58:33'),(255,137,'EDIT',5,'2022-03-18 22:58:37'),(256,138,'EDIT',5,'2022-03-18 22:58:43'),(257,139,'EDIT',5,'2022-03-18 22:58:48'),(258,140,'EDIT',5,'2022-03-18 22:58:58'),(259,141,'EDIT',5,'2022-03-18 22:59:04'),(260,142,'EDIT',5,'2022-03-18 22:59:09'),(261,143,'STORE',5,'2022-03-18 23:03:48'),(262,144,'STORE',5,'2022-03-18 23:04:06'),(263,145,'STORE',5,'2022-03-18 23:04:16'),(264,146,'STORE',5,'2022-03-18 23:04:26'),(265,147,'STORE',5,'2022-03-18 23:04:35'),(266,148,'STORE',5,'2022-03-18 23:04:45'),(267,149,'STORE',5,'2022-03-18 23:04:53'),(268,150,'STORE',5,'2022-03-18 23:05:03'),(269,151,'STORE',5,'2022-03-18 23:05:12'),(270,152,'STORE',5,'2022-03-18 23:05:21'),(271,153,'STORE',5,'2022-03-18 23:05:32'),(272,154,'STORE',5,'2022-03-18 23:05:42'),(273,155,'STORE',5,'2022-03-18 23:05:52'),(274,156,'STORE',5,'2022-03-18 23:06:01'),(275,157,'STORE',5,'2022-03-18 23:06:10'),(276,158,'STORE',5,'2022-03-18 23:06:18'),(277,159,'STORE',5,'2022-03-18 23:06:30'),(278,160,'STORE',5,'2022-03-18 23:06:59'),(279,161,'STORE',5,'2022-03-18 23:07:09'),(280,162,'STORE',5,'2022-03-18 23:07:18'),(281,163,'STORE',5,'2022-03-18 23:07:28'),(282,164,'STORE',5,'2022-03-18 23:07:37'),(283,165,'STORE',5,'2022-03-18 23:07:49'),(284,166,'STORE',5,'2022-03-18 23:07:59'),(285,167,'STORE',5,'2022-03-18 23:08:08'),(286,164,'EDIT',5,'2022-03-18 23:13:09'),(287,157,'EDIT',5,'2022-03-18 23:13:14'),(288,149,'EDIT',5,'2022-03-18 23:13:24'),(289,158,'EDIT',5,'2022-03-18 23:13:29'),(290,145,'EDIT',5,'2022-03-18 23:13:34'),(291,165,'EDIT',5,'2022-03-18 23:13:43'),(292,161,'EDIT',5,'2022-03-18 23:13:48'),(293,150,'EDIT',5,'2022-03-18 23:13:53'),(294,162,'EDIT',5,'2022-03-18 23:13:58'),(295,147,'EDIT',5,'2022-03-18 23:14:04'),(296,144,'EDIT',5,'2022-03-18 23:14:08'),(297,166,'EDIT',5,'2022-03-18 23:14:12'),(298,163,'EDIT',5,'2022-03-18 23:14:17'),(299,151,'EDIT',5,'2022-03-18 23:14:23'),(300,167,'EDIT',5,'2022-03-18 23:14:27'),(301,148,'EDIT',5,'2022-03-18 23:14:32'),(302,153,'EDIT',5,'2022-03-18 23:14:37'),(303,159,'EDIT',5,'2022-03-18 23:14:42'),(304,152,'EDIT',5,'2022-03-18 23:14:47'),(305,154,'EDIT',5,'2022-03-18 23:14:54'),(306,160,'EDIT',5,'2022-03-18 23:14:59'),(307,155,'EDIT',5,'2022-03-18 23:15:03'),(308,146,'EDIT',5,'2022-03-18 23:15:08'),(309,156,'EDIT',5,'2022-03-18 23:15:12'),(310,143,'EDIT',5,'2022-03-18 23:15:17'),(311,168,'STORE',5,'2022-03-18 23:15:32'),(312,169,'STORE',5,'2022-03-18 23:15:40'),(313,170,'STORE',5,'2022-03-18 23:15:53'),(314,171,'STORE',5,'2022-03-18 23:16:02'),(315,172,'STORE',5,'2022-03-18 23:16:11'),(316,173,'STORE',5,'2022-03-18 23:16:20'),(317,174,'STORE',5,'2022-03-18 23:16:28'),(318,175,'STORE',5,'2022-03-18 23:16:37'),(319,176,'STORE',5,'2022-03-18 23:16:48'),(320,177,'STORE',5,'2022-03-18 23:16:59'),(321,178,'STORE',5,'2022-03-18 23:17:14'),(322,179,'STORE',5,'2022-03-18 23:17:23'),(323,180,'STORE',5,'2022-03-18 23:17:33'),(324,181,'STORE',5,'2022-03-18 23:17:42'),(325,182,'STORE',5,'2022-03-18 23:17:50'),(326,183,'STORE',5,'2022-03-18 23:18:00'),(327,184,'STORE',5,'2022-03-18 23:18:08'),(328,185,'STORE',5,'2022-03-18 23:18:18'),(329,186,'STORE',5,'2022-03-18 23:18:27'),(330,187,'STORE',5,'2022-03-18 23:18:36'),(331,188,'STORE',5,'2022-03-18 23:18:45'),(332,189,'STORE',5,'2022-03-18 23:18:57'),(333,190,'STORE',5,'2022-03-18 23:19:07'),(334,191,'STORE',5,'2022-03-18 23:19:15'),(335,192,'STORE',5,'2022-03-18 23:19:24'),(336,193,'STORE',5,'2022-03-18 23:19:32'),(337,194,'STORE',5,'2022-03-18 23:19:42'),(338,195,'STORE',5,'2022-03-18 23:19:55'),(339,196,'STORE',5,'2022-03-18 23:20:05'),(340,182,'EDIT',5,'2022-03-18 23:20:11'),(341,171,'EDIT',5,'2022-03-18 23:20:17'),(342,177,'EDIT',5,'2022-03-18 23:20:22'),(343,189,'EDIT',5,'2022-03-18 23:20:27'),(344,193,'EDIT',5,'2022-03-18 23:20:32'),(345,185,'EDIT',5,'2022-03-18 23:20:37'),(346,172,'EDIT',5,'2022-03-18 23:20:42'),(347,180,'EDIT',5,'2022-03-18 23:20:47'),(348,191,'EDIT',5,'2022-03-18 23:20:53'),(349,186,'EDIT',5,'2022-03-18 23:20:58'),(350,174,'EDIT',5,'2022-03-18 23:21:03'),(351,181,'EDIT',5,'2022-03-18 23:21:08'),(352,173,'EDIT',5,'2022-03-18 23:21:13'),(353,169,'EDIT',5,'2022-03-18 23:21:18'),(354,168,'EDIT',5,'2022-03-18 23:21:23'),(355,192,'EDIT',5,'2022-03-18 23:21:28'),(356,176,'EDIT',5,'2022-03-18 23:21:33'),(357,184,'EDIT',5,'2022-03-18 23:21:39'),(358,178,'EDIT',5,'2022-03-18 23:21:44'),(359,170,'EDIT',5,'2022-03-18 23:21:49'),(360,196,'EDIT',5,'2022-03-18 23:21:54'),(361,194,'EDIT',5,'2022-03-18 23:22:00'),(362,183,'EDIT',5,'2022-03-18 23:22:06'),(363,187,'EDIT',5,'2022-03-18 23:22:13'),(364,179,'EDIT',5,'2022-03-18 23:22:19'),(365,175,'EDIT',5,'2022-03-18 23:22:24'),(366,195,'EDIT',5,'2022-03-18 23:22:29'),(367,188,'EDIT',5,'2022-03-18 23:22:35'),(368,190,'EDIT',5,'2022-03-18 23:22:39');
/*!40000 ALTER TABLE `hs_purchase_log` ENABLE KEYS */;
UNLOCK TABLES;

--
-- Table structure for table `hs_supplier`
--

DROP TABLE IF EXISTS `hs_supplier`;
/*!40101 SET @saved_cs_client     = @@character_set_client */;
/*!50503 SET character_set_client = utf8mb4 */;
CREATE TABLE `hs_supplier` (
  `splr_id` int(10) unsigned NOT NULL AUTO_INCREMENT,
  `code` varchar(10) COLLATE utf8mb4_unicode_ci NOT NULL,
  `name` varchar(100) COLLATE utf8mb4_unicode_ci NOT NULL,
  `address_line_1` varchar(100) COLLATE utf8mb4_unicode_ci NOT NULL,
  `address_line_2` varchar(100) COLLATE utf8mb4_unicode_ci DEFAULT NULL,
  `address_line_3` varchar(100) COLLATE utf8mb4_unicode_ci DEFAULT NULL,
  `address_line_4` varchar(100) COLLATE utf8mb4_unicode_ci DEFAULT NULL,
  `telp_no` varchar(20) COLLATE utf8mb4_unicode_ci NOT NULL,
  `contact_person_1` varchar(20) COLLATE utf8mb4_unicode_ci NOT NULL,
  `contact_person_2` varchar(20) COLLATE utf8mb4_unicode_ci DEFAULT NULL,
  `contact_person_3` varchar(20) COLLATE utf8mb4_unicode_ci DEFAULT NULL,
  `status` varchar(10) COLLATE utf8mb4_unicode_ci NOT NULL,
  `contact_name_1` varchar(50) COLLATE utf8mb4_unicode_ci NOT NULL,
  `contact_name_2` varchar(50) COLLATE utf8mb4_unicode_ci DEFAULT NULL,
  `contact_name_3` varchar(50) COLLATE utf8mb4_unicode_ci DEFAULT NULL,
  `email` varchar(50) COLLATE utf8mb4_unicode_ci DEFAULT NULL,
  PRIMARY KEY (`splr_id`),
  UNIQUE KEY `hs_supplier_code_unique` (`code`),
  UNIQUE KEY `email` (`email`)
) ENGINE=InnoDB AUTO_INCREMENT=14 DEFAULT CHARSET=utf8mb4 COLLATE=utf8mb4_unicode_ci;
/*!40101 SET character_set_client = @saved_cs_client */;

--
-- Dumping data for table `hs_supplier`
--

LOCK TABLES `hs_supplier` WRITE;
/*!40000 ALTER TABLE `hs_supplier` DISABLE KEYS */;
INSERT INTO `hs_supplier` VALUES (2,'SP00000001','Sunware Solutions Hongkong','Jln. Bridgen Katamo No. 8',NULL,NULL,NULL,'077120715','081372647955',NULL,NULL,'INACTIVE','Steven',NULL,NULL,NULL),(5,'SP00000002','Velocity Solutions','tanjung pinang',NULL,NULL,NULL,'077120715','081372647955','081372647955',NULL,'ACTIVE','steven','steven',NULL,'jufriyano@velocity-solutions.com'),(6,'SP00000003','Suzy Bae','123',NULL,NULL,NULL,'077120769','456789876545','456789876545',NULL,'INACTIVE','Suzy','Suzy',NULL,'suzybae8@gmail.com'),(7,'SP00000004','Toko Standart','jl gambir',NULL,NULL,NULL,'077156789','08123456789012','081367890',NULL,'ACTIVE','jufriyano','jufriyano',NULL,'standart@yahoo.com'),(8,'SP00000005','PT. Indofood TBK.','Jakarta',NULL,NULL,NULL,'0812785895759','0812986918256',NULL,NULL,'ACTIVE','Steby',NULL,NULL,'indofood@gmail.com'),(9,'SP00000006','PT. Green Field TBK.','Jakarta',NULL,NULL,NULL,'081231231223','081237198329','081237198329',NULL,'ACTIVE','Yells','Yells',NULL,'greenfield@gmail.com'),(10,'SP00000007','PT. Indofrozen Food TBK.','Sumatera',NULL,NULL,NULL,'081236981972','081231231007','081231231007',NULL,'ACTIVE','Jufri','Jufri',NULL,'indofrozen@gmail.com'),(11,'SP00000008','Yeos Company Limited LTD.','Singapore',NULL,NULL,NULL,'0812698317198','0812313213213','0812313213213',NULL,'ACTIVE','Shinta','Shinta',NULL,'yeoscompany@gmail.com'),(12,'SP00000009','Unilever','Jakarta',NULL,NULL,NULL,'08123132132132','0812313178971',NULL,NULL,'ACTIVE','Joni',NULL,NULL,'unilever@gmail.com'),(13,'SP00000010','Nestle','Nagaraj',NULL,NULL,NULL,'081236183618','081238618623','081238618623',NULL,'ACTIVE','Nagaraj','Nagaraj',NULL,'nestle@gmail.com');
/*!40000 ALTER TABLE `hs_supplier` ENABLE KEYS */;
UNLOCK TABLES;

--
-- Table structure for table `hs_supplier_log`
--

DROP TABLE IF EXISTS `hs_supplier_log`;
/*!40101 SET @saved_cs_client     = @@character_set_client */;
/*!50503 SET character_set_client = utf8mb4 */;
CREATE TABLE `hs_supplier_log` (
  `splg_id` int(10) unsigned NOT NULL AUTO_INCREMENT,
  `splr_id` int(10) unsigned NOT NULL,
  `action` varchar(20) COLLATE utf8mb4_unicode_ci NOT NULL,
  `user_id` int(10) unsigned NOT NULL,
  `log_date_time` datetime NOT NULL,
  PRIMARY KEY (`splg_id`),
  KEY `hs_supplier_log_splr_id_foreign` (`splr_id`),
  KEY `hs_supplier_log_user_id_foreign` (`user_id`),
  CONSTRAINT `hs_supplier_log_splr_id_foreign` FOREIGN KEY (`splr_id`) REFERENCES `hs_supplier` (`splr_id`),
  CONSTRAINT `hs_supplier_log_user_id_foreign` FOREIGN KEY (`user_id`) REFERENCES `hs_user` (`user_id`)
) ENGINE=InnoDB AUTO_INCREMENT=20 DEFAULT CHARSET=utf8mb4 COLLATE=utf8mb4_unicode_ci;
/*!40101 SET character_set_client = @saved_cs_client */;

--
-- Dumping data for table `hs_supplier_log`
--

LOCK TABLES `hs_supplier_log` WRITE;
/*!40000 ALTER TABLE `hs_supplier_log` DISABLE KEYS */;
INSERT INTO `hs_supplier_log` VALUES (1,2,'STORE',1,'2020-09-13 15:53:27'),(2,5,'STORE',1,'2020-09-13 16:08:00'),(3,6,'STORE',1,'2020-09-13 16:18:27'),(4,2,'EDIT',1,'2020-09-13 19:09:24'),(5,2,'EDIT',1,'2020-09-13 19:09:50'),(6,2,'TERMINATE',1,'2020-09-13 19:14:32'),(7,6,'TERMINATE',5,'2022-02-23 21:22:05'),(8,5,'EDIT',1,'2022-02-23 22:12:47'),(9,5,'TERMINATE',1,'2022-02-23 22:13:01'),(10,2,'EDIT',1,'2022-02-23 22:13:18'),(11,2,'TERMINATE',1,'2022-02-23 22:14:05'),(12,5,'EDIT',1,'2022-02-23 22:14:44'),(13,7,'STORE',1,'2022-02-23 22:16:20'),(14,8,'STORE',5,'2022-03-18 19:31:57'),(15,9,'STORE',5,'2022-03-18 19:36:52'),(16,10,'STORE',5,'2022-03-18 19:39:03'),(17,11,'STORE',5,'2022-03-18 19:40:17'),(18,12,'STORE',5,'2022-03-18 19:53:56'),(19,13,'STORE',5,'2022-03-18 19:54:51');
/*!40000 ALTER TABLE `hs_supplier_log` ENABLE KEYS */;
UNLOCK TABLES;

--
-- Table structure for table `hs_user`
--

DROP TABLE IF EXISTS `hs_user`;
/*!40101 SET @saved_cs_client     = @@character_set_client */;
/*!50503 SET character_set_client = utf8mb4 */;
CREATE TABLE `hs_user` (
  `user_id` int(10) unsigned NOT NULL AUTO_INCREMENT,
  `user_name` varchar(50) COLLATE utf8mb4_unicode_ci NOT NULL,
  `email` varchar(50) COLLATE utf8mb4_unicode_ci NOT NULL,
  `phone` varchar(50) COLLATE utf8mb4_unicode_ci NOT NULL,
  `password` varchar(255) COLLATE utf8mb4_unicode_ci NOT NULL,
  `created_by` int(11) DEFAULT NULL,
  `updated_by` int(11) DEFAULT NULL,
  `is_admin` varchar(10) COLLATE utf8mb4_unicode_ci NOT NULL,
  `status` varchar(10) COLLATE utf8mb4_unicode_ci NOT NULL,
  `remember_token` varchar(100) COLLATE utf8mb4_unicode_ci DEFAULT NULL,
  `created_at` timestamp NULL DEFAULT NULL,
  `updated_at` timestamp NULL DEFAULT NULL,
  PRIMARY KEY (`user_id`),
  UNIQUE KEY `hs_user_email_unique` (`email`)
) ENGINE=InnoDB AUTO_INCREMENT=9 DEFAULT CHARSET=utf8mb4 COLLATE=utf8mb4_unicode_ci;
/*!40101 SET character_set_client = @saved_cs_client */;

--
-- Dumping data for table `hs_user`
--

LOCK TABLES `hs_user` WRITE;
/*!40000 ALTER TABLE `hs_user` DISABLE KEYS */;
INSERT INTO `hs_user` VALUES (1,'admin','jufriyano@gmail.com','081372647955','$2y$10$vnKygMPDu2PWPryI0Q2k9.YDrqnhzQ6qXhxtwsKTCUB/GNgNsvUy6',NULL,5,'YES','ACTIVE','efCHuDrAGE7pXnVw8gpkMo97XZ7Zayfl7bkpAKIA3386DaD5mAgE8NBs0iSh','2020-08-21 09:36:41','2022-02-23 16:30:48'),(2,'sibel99','shintabella1403@gmail.com','4567890456789','$2y$10$ugDYcY02bFH6TZ7ywaHoY.Wa7AlOZTGf3HDs.Q1PTQS41xwazx3Uy',1,NULL,'NO','INACTIVE',NULL,'2020-09-03 08:37:34','2020-09-05 14:39:18'),(3,'sibel992','loseruib@gmail.com','1232131231321231','$2y$10$ztTNaAls7hEaGvYPTnp6IOJZMElLrRCJhDr1aiC912re9Vvj/cFka',1,NULL,'NO','INACTIVE',NULL,'2020-09-05 01:15:59','2020-09-05 09:49:15'),(4,'steven','steby.yeo@gmail.com','081372647955','$2y$10$nB8TZ7i6S8ezYbJBXa2creli0MVY8i2XSCrabOVH4QrvzNVfrGhge',1,5,'NO','INACTIVE',NULL,'2020-09-13 08:44:41','2022-02-23 14:26:00'),(5,'boss','stevenmaildeveloper@gmail.com','081372647955','$2y$10$fh3/fLjAepR0FhgI7iTBTeWODyO/jWzBfVOUMcqomRDpwFuEvit/G',NULL,NULL,'YESNO','ACTIVE',NULL,'2020-10-31 10:15:35',NULL),(6,'Shinta Bella','stefy.yang@gmail.com','08213819212131','$2y$10$Yjek4Bx504Q.AXXliglg6u2Xjmh2p2ywf.OgC1u4jr3weKZppZA22',5,5,'YES','INACTIVE',NULL,'2020-11-07 03:38:25','2022-02-23 14:25:50'),(7,'kasir','jufriyano123@gmail.com','081372647955','$2y$10$RnyfZQOwMuuYK1A254Sgb.8tidrONGPgsHPmM.Qh6oAzhekQ4NKJ.',5,5,'NO','ACTIVE',NULL,'2022-02-23 14:26:38','2022-02-23 16:31:11'),(8,'steby','stevy@gmail.com','081372647955','$2y$10$oj5YvEi7Lu.La8QfwldHG.pPwsPAHeLCTvhAZCMVYSIPVDG5o5bCW',5,5,'YES','INACTIVE',NULL,'2022-02-23 14:54:25','2022-02-23 14:54:33');
/*!40000 ALTER TABLE `hs_user` ENABLE KEYS */;
UNLOCK TABLES;

--
-- Table structure for table `migrations`
--

DROP TABLE IF EXISTS `migrations`;
/*!40101 SET @saved_cs_client     = @@character_set_client */;
/*!50503 SET character_set_client = utf8mb4 */;
CREATE TABLE `migrations` (
  `id` int(10) unsigned NOT NULL AUTO_INCREMENT,
  `migration` varchar(255) COLLATE utf8mb4_unicode_ci NOT NULL,
  `batch` int(11) NOT NULL,
  PRIMARY KEY (`id`)
) ENGINE=InnoDB AUTO_INCREMENT=68 DEFAULT CHARSET=utf8mb4 COLLATE=utf8mb4_unicode_ci;
/*!40101 SET character_set_client = @saved_cs_client */;

--
-- Dumping data for table `migrations`
--

LOCK TABLES `migrations` WRITE;
/*!40000 ALTER TABLE `migrations` DISABLE KEYS */;
INSERT INTO `migrations` VALUES (51,'2014_10_12_000000_create_users_table',1),(52,'2014_10_12_100000_create_password_resets_table',1),(53,'2020_08_15_064731_create_hs_suppliers_table',1),(54,'2020_08_16_123707_create_hs_supplier_logs_table',1),(55,'2020_08_16_124318_create_hs_item_categories_table',1),(56,'2020_08_16_124454_create_hs_item_category_logs_table',1),(57,'2020_08_16_124852_create_hs_item_details_table',1),(58,'2020_08_16_125410_create_hs_item_detail_logs_table',1),(59,'2020_08_16_125859_create_hs_purchases_table',1),(60,'2020_08_16_130124_create_hs_purchase_details_table',1),(61,'2020_08_16_130436_create_hs_purchase_logs_table',1),(62,'2020_08_16_130735_create_hs_invoices_table',1),(63,'2020_08_16_131054_create_hs_invoice_details_table',1),(64,'2020_08_16_131252_create_hs_invoice_logs_table',1),(65,'2020_08_16_131550_create_hs_item_stock_logs_table',1),(66,'2020_09_13_203814_create_hs_item_uom',2),(67,'2020_09_13_204044_create_hs_item_uom_log_table',2);
/*!40000 ALTER TABLE `migrations` ENABLE KEYS */;
UNLOCK TABLES;

--
-- Table structure for table `password_resets`
--

DROP TABLE IF EXISTS `password_resets`;
/*!40101 SET @saved_cs_client     = @@character_set_client */;
/*!50503 SET character_set_client = utf8mb4 */;
CREATE TABLE `password_resets` (
  `email` varchar(255) COLLATE utf8mb4_unicode_ci NOT NULL,
  `token` varchar(255) COLLATE utf8mb4_unicode_ci NOT NULL,
  `created_at` timestamp NULL DEFAULT NULL,
  KEY `password_resets_email_index` (`email`)
) ENGINE=InnoDB DEFAULT CHARSET=utf8mb4 COLLATE=utf8mb4_unicode_ci;
/*!40101 SET character_set_client = @saved_cs_client */;

--
-- Dumping data for table `password_resets`
--

LOCK TABLES `password_resets` WRITE;
/*!40000 ALTER TABLE `password_resets` DISABLE KEYS */;
INSERT INTO `password_resets` VALUES ('stevenyeo70@gmail.com','$2y$10$W9vtHwBWRcEuCU1sHD1RmOGs8cdeSrrXfJhzaTRmyRVJ/eWvmMfiG','2020-09-05 15:15:15'),('shintabella1403@gmail.com','$2y$10$wj.tpn/T0KnZ6veH.M.mE.x7/xDWm34z.7tZLUBgPxzURVppZkhJG','2020-09-05 15:17:01');
/*!40000 ALTER TABLE `password_resets` ENABLE KEYS */;
UNLOCK TABLES;

--
-- Dumping events for database 'harmony'
--

--
-- Dumping routines for database 'harmony'
--
/*!40103 SET TIME_ZONE=@OLD_TIME_ZONE */;

/*!40101 SET SQL_MODE=@OLD_SQL_MODE */;
/*!40014 SET FOREIGN_KEY_CHECKS=@OLD_FOREIGN_KEY_CHECKS */;
/*!40014 SET UNIQUE_CHECKS=@OLD_UNIQUE_CHECKS */;
/*!40101 SET CHARACTER_SET_CLIENT=@OLD_CHARACTER_SET_CLIENT */;
/*!40101 SET CHARACTER_SET_RESULTS=@OLD_CHARACTER_SET_RESULTS */;
/*!40101 SET COLLATION_CONNECTION=@OLD_COLLATION_CONNECTION */;
/*!40111 SET SQL_NOTES=@OLD_SQL_NOTES */;

-- Dump completed on 2022-03-18 23:28:16
